Tranche d'âge,quartiers,population_count,arrondissements,secteur
0-2 ans,BELSUNCE,286,1ER ARRONDISSEMENT,1ER SECTEUR
3-5 ans,BELSUNCE,217,1ER ARRONDISSEMENT,1ER SECTEUR
6-10 ans,BELSUNCE,378,1ER ARRONDISSEMENT,1ER SECTEUR
11-17 ans,BELSUNCE,656,1ER ARRONDISSEMENT,1ER SECTEUR
18-24 ans,BELSUNCE,1077,1ER ARRONDISSEMENT,1ER SECTEUR
25-39 ans,BELSUNCE,2042,1ER ARRONDISSEMENT,1ER SECTEUR
40-54 ans,BELSUNCE,1752,1ER ARRONDISSEMENT,1ER SECTEUR
55-64 ans,BELSUNCE,1100,1ER ARRONDISSEMENT,1ER SECTEUR
65-79 ans,BELSUNCE,973,1ER ARRONDISSEMENT,1ER SECTEUR
80 ans ou plus,BELSUNCE,344,1ER ARRONDISSEMENT,1ER SECTEUR
0-2 ans,LE CHAPITRE,191,1ER ARRONDISSEMENT,1ER SECTEUR
3-5 ans,LE CHAPITRE,190,1ER ARRONDISSEMENT,1ER SECTEUR
6-10 ans,LE CHAPITRE,335,1ER ARRONDISSEMENT,1ER SECTEUR
11-17 ans,LE CHAPITRE,357,1ER ARRONDISSEMENT,1ER SECTEUR
18-24 ans,LE CHAPITRE,678,1ER ARRONDISSEMENT,1ER SECTEUR
25-39 ans,LE CHAPITRE,1519,1ER ARRONDISSEMENT,1ER SECTEUR
40-54 ans,LE CHAPITRE,1484,1ER ARRONDISSEMENT,1ER SECTEUR
55-64 ans,LE CHAPITRE,815,1ER ARRONDISSEMENT,1ER SECTEUR
65-79 ans,LE CHAPITRE,723,1ER ARRONDISSEMENT,1ER SECTEUR
80 ans ou plus,LE CHAPITRE,205,1ER ARRONDISSEMENT,1ER SECTEUR
0-2 ans,NOAILLES,232,1ER ARRONDISSEMENT,1ER SECTEUR
3-5 ans,NOAILLES,168,1ER ARRONDISSEMENT,1ER SECTEUR
6-10 ans,NOAILLES,228,1ER ARRONDISSEMENT,1ER SECTEUR
11-17 ans,NOAILLES,212,1ER ARRONDISSEMENT,1ER SECTEUR
18-24 ans,NOAILLES,694,1ER ARRONDISSEMENT,1ER SECTEUR
25-39 ans,NOAILLES,1248,1ER ARRONDISSEMENT,1ER SECTEUR
40-54 ans,NOAILLES,740,1ER ARRONDISSEMENT,1ER SECTEUR
55-64 ans,NOAILLES,275,1ER ARRONDISSEMENT,1ER SECTEUR
65-79 ans,NOAILLES,436,1ER ARRONDISSEMENT,1ER SECTEUR
80 ans ou plus,NOAILLES,73,1ER ARRONDISSEMENT,1ER SECTEUR
0-2 ans,OPERA,175,1ER ARRONDISSEMENT,1ER SECTEUR
3-5 ans,OPERA,196,1ER ARRONDISSEMENT,1ER SECTEUR
6-10 ans,OPERA,203,1ER ARRONDISSEMENT,1ER SECTEUR
11-17 ans,OPERA,184,1ER ARRONDISSEMENT,1ER SECTEUR
18-24 ans,OPERA,753,1ER ARRONDISSEMENT,1ER SECTEUR
25-39 ans,OPERA,1489,1ER ARRONDISSEMENT,1ER SECTEUR
40-54 ans,OPERA,953,1ER ARRONDISSEMENT,1ER SECTEUR
55-64 ans,OPERA,411,1ER ARRONDISSEMENT,1ER SECTEUR
65-79 ans,OPERA,747,1ER ARRONDISSEMENT,1ER SECTEUR
80 ans ou plus,OPERA,358,1ER ARRONDISSEMENT,1ER SECTEUR
0-2 ans,SAINT CHARLES,281,1ER ARRONDISSEMENT,1ER SECTEUR
3-5 ans,SAINT CHARLES,243,1ER ARRONDISSEMENT,1ER SECTEUR
6-10 ans,SAINT CHARLES,391,1ER ARRONDISSEMENT,1ER SECTEUR
11-17 ans,SAINT CHARLES,448,1ER ARRONDISSEMENT,1ER SECTEUR
18-24 ans,SAINT CHARLES,873,1ER ARRONDISSEMENT,1ER SECTEUR
25-39 ans,SAINT CHARLES,2128,1ER ARRONDISSEMENT,1ER SECTEUR
40-54 ans,SAINT CHARLES,1744,1ER ARRONDISSEMENT,1ER SECTEUR
55-64 ans,SAINT CHARLES,899,1ER ARRONDISSEMENT,1ER SECTEUR
65-79 ans,SAINT CHARLES,1006,1ER ARRONDISSEMENT,1ER SECTEUR
80 ans ou plus,SAINT CHARLES,377,1ER ARRONDISSEMENT,1ER SECTEUR
0-2 ans,THIERS,102,1ER ARRONDISSEMENT,1ER SECTEUR
3-5 ans,THIERS,110,1ER ARRONDISSEMENT,1ER SECTEUR
6-10 ans,THIERS,166,1ER ARRONDISSEMENT,1ER SECTEUR
11-17 ans,THIERS,303,1ER ARRONDISSEMENT,1ER SECTEUR
18-24 ans,THIERS,1006,1ER ARRONDISSEMENT,1ER SECTEUR
25-39 ans,THIERS,1223,1ER ARRONDISSEMENT,1ER SECTEUR
40-54 ans,THIERS,960,1ER ARRONDISSEMENT,1ER SECTEUR
55-64 ans,THIERS,476,1ER ARRONDISSEMENT,1ER SECTEUR
65-79 ans,THIERS,542,1ER ARRONDISSEMENT,1ER SECTEUR
80 ans ou plus,THIERS,109,1ER ARRONDISSEMENT,1ER SECTEUR
0-2 ans,LA CAPELETTE,565,10EME ARRONDISSEMENT,5EME SECTEUR
3-5 ans,LA CAPELETTE,510,10EME ARRONDISSEMENT,5EME SECTEUR
6-10 ans,LA CAPELETTE,835,10EME ARRONDISSEMENT,5EME SECTEUR
11-17 ans,LA CAPELETTE,862,10EME ARRONDISSEMENT,5EME SECTEUR
18-24 ans,LA CAPELETTE,1438,10EME ARRONDISSEMENT,5EME SECTEUR
25-39 ans,LA CAPELETTE,3496,10EME ARRONDISSEMENT,5EME SECTEUR
40-54 ans,LA CAPELETTE,2404,10EME ARRONDISSEMENT,5EME SECTEUR
55-64 ans,LA CAPELETTE,1383,10EME ARRONDISSEMENT,5EME SECTEUR
65-79 ans,LA CAPELETTE,1303,10EME ARRONDISSEMENT,5EME SECTEUR
80 ans ou plus,LA CAPELETTE,529,10EME ARRONDISSEMENT,5EME SECTEUR
0-2 ans,MENPENTI,206,10EME ARRONDISSEMENT,5EME SECTEUR
3-5 ans,MENPENTI,139,10EME ARRONDISSEMENT,5EME SECTEUR
6-10 ans,MENPENTI,234,10EME ARRONDISSEMENT,5EME SECTEUR
11-17 ans,MENPENTI,276,10EME ARRONDISSEMENT,5EME SECTEUR
18-24 ans,MENPENTI,381,10EME ARRONDISSEMENT,5EME SECTEUR
25-39 ans,MENPENTI,1076,10EME ARRONDISSEMENT,5EME SECTEUR
40-54 ans,MENPENTI,794,10EME ARRONDISSEMENT,5EME SECTEUR
55-64 ans,MENPENTI,536,10EME ARRONDISSEMENT,5EME SECTEUR
65-79 ans,MENPENTI,400,10EME ARRONDISSEMENT,5EME SECTEUR
80 ans ou plus,MENPENTI,192,10EME ARRONDISSEMENT,5EME SECTEUR
0-2 ans,PONT DE VIVAUX,315,10EME ARRONDISSEMENT,5EME SECTEUR
3-5 ans,PONT DE VIVAUX,258,10EME ARRONDISSEMENT,5EME SECTEUR
6-10 ans,PONT DE VIVAUX,386,10EME ARRONDISSEMENT,5EME SECTEUR
11-17 ans,PONT DE VIVAUX,489,10EME ARRONDISSEMENT,5EME SECTEUR
18-24 ans,PONT DE VIVAUX,722,10EME ARRONDISSEMENT,5EME SECTEUR
25-39 ans,PONT DE VIVAUX,1616,10EME ARRONDISSEMENT,5EME SECTEUR
40-54 ans,PONT DE VIVAUX,1143,10EME ARRONDISSEMENT,5EME SECTEUR
55-64 ans,PONT DE VIVAUX,648,10EME ARRONDISSEMENT,5EME SECTEUR
65-79 ans,PONT DE VIVAUX,740,10EME ARRONDISSEMENT,5EME SECTEUR
80 ans ou plus,PONT DE VIVAUX,337,10EME ARRONDISSEMENT,5EME SECTEUR
0-2 ans,SAINT LOUP,491,10EME ARRONDISSEMENT,5EME SECTEUR
3-5 ans,SAINT LOUP,529,10EME ARRONDISSEMENT,5EME SECTEUR
6-10 ans,SAINT LOUP,977,10EME ARRONDISSEMENT,5EME SECTEUR
11-17 ans,SAINT LOUP,1337,10EME ARRONDISSEMENT,5EME SECTEUR
18-24 ans,SAINT LOUP,1171,10EME ARRONDISSEMENT,5EME SECTEUR
25-39 ans,SAINT LOUP,2536,10EME ARRONDISSEMENT,5EME SECTEUR
40-54 ans,SAINT LOUP,2673,10EME ARRONDISSEMENT,5EME SECTEUR
55-64 ans,SAINT LOUP,2247,10EME ARRONDISSEMENT,5EME SECTEUR
65-79 ans,SAINT LOUP,2293,10EME ARRONDISSEMENT,5EME SECTEUR
80 ans ou plus,SAINT LOUP,1158,10EME ARRONDISSEMENT,5EME SECTEUR
0-2 ans,SAINT TRONC,504,10EME ARRONDISSEMENT,5EME SECTEUR
3-5 ans,SAINT TRONC,469,10EME ARRONDISSEMENT,5EME SECTEUR
6-10 ans,SAINT TRONC,869,10EME ARRONDISSEMENT,5EME SECTEUR
11-17 ans,SAINT TRONC,1350,10EME ARRONDISSEMENT,5EME SECTEUR
18-24 ans,SAINT TRONC,1275,10EME ARRONDISSEMENT,5EME SECTEUR
25-39 ans,SAINT TRONC,2632,10EME ARRONDISSEMENT,5EME SECTEUR
40-54 ans,SAINT TRONC,2586,10EME ARRONDISSEMENT,5EME SECTEUR
55-64 ans,SAINT TRONC,1725,10EME ARRONDISSEMENT,5EME SECTEUR
65-79 ans,SAINT TRONC,2081,10EME ARRONDISSEMENT,5EME SECTEUR
80 ans ou plus,SAINT TRONC,1170,10EME ARRONDISSEMENT,5EME SECTEUR
0-2 ans,LA TIMONE,211,10EME ARRONDISSEMENT,5EME SECTEUR
3-5 ans,LA TIMONE,170,10EME ARRONDISSEMENT,5EME SECTEUR
6-10 ans,LA TIMONE,262,10EME ARRONDISSEMENT,5EME SECTEUR
11-17 ans,LA TIMONE,414,10EME ARRONDISSEMENT,5EME SECTEUR
18-24 ans,LA TIMONE,1178,10EME ARRONDISSEMENT,5EME SECTEUR
25-39 ans,LA TIMONE,1176,10EME ARRONDISSEMENT,5EME SECTEUR
40-54 ans,LA TIMONE,1011,10EME ARRONDISSEMENT,5EME SECTEUR
55-64 ans,LA TIMONE,561,10EME ARRONDISSEMENT,5EME SECTEUR
65-79 ans,LA TIMONE,446,10EME ARRONDISSEMENT,5EME SECTEUR
80 ans ou plus,LA TIMONE,136,10EME ARRONDISSEMENT,5EME SECTEUR
0-2 ans,LES ACCATES,54,11EME ARRONDISSEMENT,6EME SECTEUR
3-5 ans,LES ACCATES,79,11EME ARRONDISSEMENT,6EME SECTEUR
6-10 ans,LES ACCATES,105,11EME ARRONDISSEMENT,6EME SECTEUR
11-17 ans,LES ACCATES,245,11EME ARRONDISSEMENT,6EME SECTEUR
18-24 ans,LES ACCATES,155,11EME ARRONDISSEMENT,6EME SECTEUR
25-39 ans,LES ACCATES,308,11EME ARRONDISSEMENT,6EME SECTEUR
40-54 ans,LES ACCATES,501,11EME ARRONDISSEMENT,6EME SECTEUR
55-64 ans,LES ACCATES,240,11EME ARRONDISSEMENT,6EME SECTEUR
65-79 ans,LES ACCATES,270,11EME ARRONDISSEMENT,6EME SECTEUR
80 ans ou plus,LES ACCATES,193,11EME ARRONDISSEMENT,6EME SECTEUR
0-2 ans,LA BARASSE,65,11EME ARRONDISSEMENT,6EME SECTEUR
3-5 ans,LA BARASSE,60,11EME ARRONDISSEMENT,6EME SECTEUR
6-10 ans,LA BARASSE,113,11EME ARRONDISSEMENT,6EME SECTEUR
11-17 ans,LA BARASSE,136,11EME ARRONDISSEMENT,6EME SECTEUR
18-24 ans,LA BARASSE,174,11EME ARRONDISSEMENT,6EME SECTEUR
25-39 ans,LA BARASSE,323,11EME ARRONDISSEMENT,6EME SECTEUR
40-54 ans,LA BARASSE,500,11EME ARRONDISSEMENT,6EME SECTEUR
55-64 ans,LA BARASSE,442,11EME ARRONDISSEMENT,6EME SECTEUR
65-79 ans,LA BARASSE,327,11EME ARRONDISSEMENT,6EME SECTEUR
80 ans ou plus,LA BARASSE,104,11EME ARRONDISSEMENT,6EME SECTEUR
0-2 ans,LES CAMOINS,108,11EME ARRONDISSEMENT,6EME SECTEUR
3-5 ans,LES CAMOINS,136,11EME ARRONDISSEMENT,6EME SECTEUR
6-10 ans,LES CAMOINS,290,11EME ARRONDISSEMENT,6EME SECTEUR
11-17 ans,LES CAMOINS,503,11EME ARRONDISSEMENT,6EME SECTEUR
18-24 ans,LES CAMOINS,305,11EME ARRONDISSEMENT,6EME SECTEUR
25-39 ans,LES CAMOINS,782,11EME ARRONDISSEMENT,6EME SECTEUR
40-54 ans,LES CAMOINS,1234,11EME ARRONDISSEMENT,6EME SECTEUR
55-64 ans,LES CAMOINS,828,11EME ARRONDISSEMENT,6EME SECTEUR
65-79 ans,LES CAMOINS,830,11EME ARRONDISSEMENT,6EME SECTEUR
80 ans ou plus,LES CAMOINS,342,11EME ARRONDISSEMENT,6EME SECTEUR
0-2 ans,ÉOURES,21,11EME ARRONDISSEMENT,6EME SECTEUR
3-5 ans,ÉOURES,67,11EME ARRONDISSEMENT,6EME SECTEUR
6-10 ans,ÉOURES,100,11EME ARRONDISSEMENT,6EME SECTEUR
11-17 ans,ÉOURES,160,11EME ARRONDISSEMENT,6EME SECTEUR
18-24 ans,ÉOURES,115,11EME ARRONDISSEMENT,6EME SECTEUR
25-39 ans,ÉOURES,281,11EME ARRONDISSEMENT,6EME SECTEUR
40-54 ans,ÉOURES,341,11EME ARRONDISSEMENT,6EME SECTEUR
55-64 ans,ÉOURES,225,11EME ARRONDISSEMENT,6EME SECTEUR
65-79 ans,ÉOURES,224,11EME ARRONDISSEMENT,6EME SECTEUR
80 ans ou plus,ÉOURES,80,11EME ARRONDISSEMENT,6EME SECTEUR
0-2 ans,LA MILLIÈRE,100,11EME ARRONDISSEMENT,6EME SECTEUR
3-5 ans,LA MILLIÈRE,111,11EME ARRONDISSEMENT,6EME SECTEUR
6-10 ans,LA MILLIÈRE,208,11EME ARRONDISSEMENT,6EME SECTEUR
11-17 ans,LA MILLIÈRE,357,11EME ARRONDISSEMENT,6EME SECTEUR
18-24 ans,LA MILLIÈRE,212,11EME ARRONDISSEMENT,6EME SECTEUR
25-39 ans,LA MILLIÈRE,514,11EME ARRONDISSEMENT,6EME SECTEUR
40-54 ans,LA MILLIÈRE,534,11EME ARRONDISSEMENT,6EME SECTEUR
55-64 ans,LA MILLIÈRE,391,11EME ARRONDISSEMENT,6EME SECTEUR
65-79 ans,LA MILLIÈRE,380,11EME ARRONDISSEMENT,6EME SECTEUR
80 ans ou plus,LA MILLIÈRE,186,11EME ARRONDISSEMENT,6EME SECTEUR
0-2 ans,LA POMME,793,11EME ARRONDISSEMENT,6EME SECTEUR
3-5 ans,LA POMME,743,11EME ARRONDISSEMENT,6EME SECTEUR
6-10 ans,LA POMME,1274,11EME ARRONDISSEMENT,6EME SECTEUR
11-17 ans,LA POMME,1834,11EME ARRONDISSEMENT,6EME SECTEUR
18-24 ans,LA POMME,1527,11EME ARRONDISSEMENT,6EME SECTEUR
25-39 ans,LA POMME,3895,11EME ARRONDISSEMENT,6EME SECTEUR
40-54 ans,LA POMME,3935,11EME ARRONDISSEMENT,6EME SECTEUR
55-64 ans,LA POMME,2237,11EME ARRONDISSEMENT,6EME SECTEUR
65-79 ans,LA POMME,2441,11EME ARRONDISSEMENT,6EME SECTEUR
80 ans ou plus,LA POMME,1036,11EME ARRONDISSEMENT,6EME SECTEUR
0-2 ans,SAINT MARCEL,295,11EME ARRONDISSEMENT,6EME SECTEUR
3-5 ans,SAINT MARCEL,371,11EME ARRONDISSEMENT,6EME SECTEUR
6-10 ans,SAINT MARCEL,680,11EME ARRONDISSEMENT,6EME SECTEUR
11-17 ans,SAINT MARCEL,951,11EME ARRONDISSEMENT,6EME SECTEUR
18-24 ans,SAINT MARCEL,623,11EME ARRONDISSEMENT,6EME SECTEUR
25-39 ans,SAINT MARCEL,1536,11EME ARRONDISSEMENT,6EME SECTEUR
40-54 ans,SAINT MARCEL,2124,11EME ARRONDISSEMENT,6EME SECTEUR
55-64 ans,SAINT MARCEL,1315,11EME ARRONDISSEMENT,6EME SECTEUR
65-79 ans,SAINT MARCEL,1651,11EME ARRONDISSEMENT,6EME SECTEUR
80 ans ou plus,SAINT MARCEL,478,11EME ARRONDISSEMENT,6EME SECTEUR
0-2 ans,SAINT MENET,181,11EME ARRONDISSEMENT,6EME SECTEUR
3-5 ans,SAINT MENET,98,11EME ARRONDISSEMENT,6EME SECTEUR
6-10 ans,SAINT MENET,146,11EME ARRONDISSEMENT,6EME SECTEUR
11-17 ans,SAINT MENET,281,11EME ARRONDISSEMENT,6EME SECTEUR
18-24 ans,SAINT MENET,174,11EME ARRONDISSEMENT,6EME SECTEUR
25-39 ans,SAINT MENET,661,11EME ARRONDISSEMENT,6EME SECTEUR
40-54 ans,SAINT MENET,601,11EME ARRONDISSEMENT,6EME SECTEUR
55-64 ans,SAINT MENET,348,11EME ARRONDISSEMENT,6EME SECTEUR
65-79 ans,SAINT MENET,372,11EME ARRONDISSEMENT,6EME SECTEUR
80 ans ou plus,SAINT MENET,87,11EME ARRONDISSEMENT,6EME SECTEUR
0-2 ans,LA TREILLE,19,11EME ARRONDISSEMENT,6EME SECTEUR
3-5 ans,LA TREILLE,23,11EME ARRONDISSEMENT,6EME SECTEUR
6-10 ans,LA TREILLE,79,11EME ARRONDISSEMENT,6EME SECTEUR
11-17 ans,LA TREILLE,87,11EME ARRONDISSEMENT,6EME SECTEUR
18-24 ans,LA TREILLE,65,11EME ARRONDISSEMENT,6EME SECTEUR
25-39 ans,LA TREILLE,146,11EME ARRONDISSEMENT,6EME SECTEUR
40-54 ans,LA TREILLE,238,11EME ARRONDISSEMENT,6EME SECTEUR
55-64 ans,LA TREILLE,151,11EME ARRONDISSEMENT,6EME SECTEUR
65-79 ans,LA TREILLE,123,11EME ARRONDISSEMENT,6EME SECTEUR
80 ans ou plus,LA TREILLE,29,11EME ARRONDISSEMENT,6EME SECTEUR
0-2 ans,LA VALENTINE,289,11EME ARRONDISSEMENT,6EME SECTEUR
3-5 ans,LA VALENTINE,308,11EME ARRONDISSEMENT,6EME SECTEUR
6-10 ans,LA VALENTINE,512,11EME ARRONDISSEMENT,6EME SECTEUR
11-17 ans,LA VALENTINE,833,11EME ARRONDISSEMENT,6EME SECTEUR
18-24 ans,LA VALENTINE,767,11EME ARRONDISSEMENT,6EME SECTEUR
25-39 ans,LA VALENTINE,1735,11EME ARRONDISSEMENT,6EME SECTEUR
40-54 ans,LA VALENTINE,1703,11EME ARRONDISSEMENT,6EME SECTEUR
55-64 ans,LA VALENTINE,1297,11EME ARRONDISSEMENT,6EME SECTEUR
65-79 ans,LA VALENTINE,1270,11EME ARRONDISSEMENT,6EME SECTEUR
80 ans ou plus,LA VALENTINE,519,11EME ARRONDISSEMENT,6EME SECTEUR
0-2 ans,LA VALBARELLE,71,11EME ARRONDISSEMENT,6EME SECTEUR
3-5 ans,LA VALBARELLE,74,11EME ARRONDISSEMENT,6EME SECTEUR
6-10 ans,LA VALBARELLE,174,11EME ARRONDISSEMENT,6EME SECTEUR
11-17 ans,LA VALBARELLE,277,11EME ARRONDISSEMENT,6EME SECTEUR
18-24 ans,LA VALBARELLE,239,11EME ARRONDISSEMENT,6EME SECTEUR
25-39 ans,LA VALBARELLE,502,11EME ARRONDISSEMENT,6EME SECTEUR
40-54 ans,LA VALBARELLE,726,11EME ARRONDISSEMENT,6EME SECTEUR
55-64 ans,LA VALBARELLE,504,11EME ARRONDISSEMENT,6EME SECTEUR
65-79 ans,LA VALBARELLE,465,11EME ARRONDISSEMENT,6EME SECTEUR
80 ans ou plus,LA VALBARELLE,211,11EME ARRONDISSEMENT,6EME SECTEUR
0-2 ans,LES CAILLOLS,404,12ÈME ARRONDISSEMENT,6EME SECTEUR
3-5 ans,LES CAILLOLS,354,12ÈME ARRONDISSEMENT,6EME SECTEUR
6-10 ans,LES CAILLOLS,643,12ÈME ARRONDISSEMENT,6EME SECTEUR
11-17 ans,LES CAILLOLS,837,12ÈME ARRONDISSEMENT,6EME SECTEUR
18-24 ans,LES CAILLOLS,709,12ÈME ARRONDISSEMENT,6EME SECTEUR
25-39 ans,LES CAILLOLS,2092,12ÈME ARRONDISSEMENT,6EME SECTEUR
40-54 ans,LES CAILLOLS,2060,12ÈME ARRONDISSEMENT,6EME SECTEUR
55-64 ans,LES CAILLOLS,1294,12ÈME ARRONDISSEMENT,6EME SECTEUR
65-79 ans,LES CAILLOLS,1739,12ÈME ARRONDISSEMENT,6EME SECTEUR
80 ans ou plus,LES CAILLOLS,762,12ÈME ARRONDISSEMENT,6EME SECTEUR
0-2 ans,LA FOURRAGÈRE,280,12ÈME ARRONDISSEMENT,6EME SECTEUR
3-5 ans,LA FOURRAGÈRE,267,12ÈME ARRONDISSEMENT,6EME SECTEUR
6-10 ans,LA FOURRAGÈRE,422,12ÈME ARRONDISSEMENT,6EME SECTEUR
11-17 ans,LA FOURRAGÈRE,590,12ÈME ARRONDISSEMENT,6EME SECTEUR
18-24 ans,LA FOURRAGÈRE,530,12ÈME ARRONDISSEMENT,6EME SECTEUR
25-39 ans,LA FOURRAGÈRE,1429,12ÈME ARRONDISSEMENT,6EME SECTEUR
40-54 ans,LA FOURRAGÈRE,1593,12ÈME ARRONDISSEMENT,6EME SECTEUR
55-64 ans,LA FOURRAGÈRE,994,12ÈME ARRONDISSEMENT,6EME SECTEUR
65-79 ans,LA FOURRAGÈRE,1317,12ÈME ARRONDISSEMENT,6EME SECTEUR
80 ans ou plus,LA FOURRAGÈRE,647,12ÈME ARRONDISSEMENT,6EME SECTEUR
0-2 ans,MONTOLIVET,346,12ÈME ARRONDISSEMENT,6EME SECTEUR
3-5 ans,MONTOLIVET,422,12ÈME ARRONDISSEMENT,6EME SECTEUR
6-10 ans,MONTOLIVET,672,12ÈME ARRONDISSEMENT,6EME SECTEUR
11-17 ans,MONTOLIVET,980,12ÈME ARRONDISSEMENT,6EME SECTEUR
18-24 ans,MONTOLIVET,820,12ÈME ARRONDISSEMENT,6EME SECTEUR
25-39 ans,MONTOLIVET,1951,12ÈME ARRONDISSEMENT,6EME SECTEUR
40-54 ans,MONTOLIVET,2401,12ÈME ARRONDISSEMENT,6EME SECTEUR
55-64 ans,MONTOLIVET,1555,12ÈME ARRONDISSEMENT,6EME SECTEUR
65-79 ans,MONTOLIVET,2017,12ÈME ARRONDISSEMENT,6EME SECTEUR
80 ans ou plus,MONTOLIVET,1323,12ÈME ARRONDISSEMENT,6EME SECTEUR
0-2 ans,SAINT BARNABÉ,321,12ÈME ARRONDISSEMENT,6EME SECTEUR
3-5 ans,SAINT BARNABÉ,359,12ÈME ARRONDISSEMENT,6EME SECTEUR
6-10 ans,SAINT BARNABÉ,575,12ÈME ARRONDISSEMENT,6EME SECTEUR
11-17 ans,SAINT BARNABÉ,969,12ÈME ARRONDISSEMENT,6EME SECTEUR
18-24 ans,SAINT BARNABÉ,822,12ÈME ARRONDISSEMENT,6EME SECTEUR
25-39 ans,SAINT BARNABÉ,1818,12ÈME ARRONDISSEMENT,6EME SECTEUR
40-54 ans,SAINT BARNABÉ,2331,12ÈME ARRONDISSEMENT,6EME SECTEUR
55-64 ans,SAINT BARNABÉ,1486,12ÈME ARRONDISSEMENT,6EME SECTEUR
65-79 ans,SAINT BARNABÉ,2045,12ÈME ARRONDISSEMENT,6EME SECTEUR
80 ans ou plus,SAINT BARNABÉ,1277,12ÈME ARRONDISSEMENT,6EME SECTEUR
0-2 ans,SAINT JEAN DU DÉSERT,131,12ÈME ARRONDISSEMENT,6EME SECTEUR
3-5 ans,SAINT JEAN DU DÉSERT,161,12ÈME ARRONDISSEMENT,6EME SECTEUR
6-10 ans,SAINT JEAN DU DÉSERT,267,12ÈME ARRONDISSEMENT,6EME SECTEUR
11-17 ans,SAINT JEAN DU DÉSERT,274,12ÈME ARRONDISSEMENT,6EME SECTEUR
18-24 ans,SAINT JEAN DU DÉSERT,344,12ÈME ARRONDISSEMENT,6EME SECTEUR
25-39 ans,SAINT JEAN DU DÉSERT,771,12ÈME ARRONDISSEMENT,6EME SECTEUR
40-54 ans,SAINT JEAN DU DÉSERT,762,12ÈME ARRONDISSEMENT,6EME SECTEUR
55-64 ans,SAINT JEAN DU DÉSERT,453,12ÈME ARRONDISSEMENT,6EME SECTEUR
65-79 ans,SAINT JEAN DU DÉSERT,601,12ÈME ARRONDISSEMENT,6EME SECTEUR
80 ans ou plus,SAINT JEAN DU DÉSERT,254,12ÈME ARRONDISSEMENT,6EME SECTEUR
0-2 ans,SAINT JULIEN,297,12ÈME ARRONDISSEMENT,6EME SECTEUR
3-5 ans,SAINT JULIEN,340,12ÈME ARRONDISSEMENT,6EME SECTEUR
6-10 ans,SAINT JULIEN,605,12ÈME ARRONDISSEMENT,6EME SECTEUR
11-17 ans,SAINT JULIEN,894,12ÈME ARRONDISSEMENT,6EME SECTEUR
18-24 ans,SAINT JULIEN,663,12ÈME ARRONDISSEMENT,6EME SECTEUR
25-39 ans,SAINT JULIEN,1876,12ÈME ARRONDISSEMENT,6EME SECTEUR
40-54 ans,SAINT JULIEN,2038,12ÈME ARRONDISSEMENT,6EME SECTEUR
55-64 ans,SAINT JULIEN,1549,12ÈME ARRONDISSEMENT,6EME SECTEUR
65-79 ans,SAINT JULIEN,1740,12ÈME ARRONDISSEMENT,6EME SECTEUR
80 ans ou plus,SAINT JULIEN,698,12ÈME ARRONDISSEMENT,6EME SECTEUR
0-2 ans,LES TROIS LUCS,192,12ÈME ARRONDISSEMENT,6EME SECTEUR
3-5 ans,LES TROIS LUCS,169,12ÈME ARRONDISSEMENT,6EME SECTEUR
6-10 ans,LES TROIS LUCS,312,12ÈME ARRONDISSEMENT,6EME SECTEUR
11-17 ans,LES TROIS LUCS,486,12ÈME ARRONDISSEMENT,6EME SECTEUR
18-24 ans,LES TROIS LUCS,405,12ÈME ARRONDISSEMENT,6EME SECTEUR
25-39 ans,LES TROIS LUCS,1139,12ÈME ARRONDISSEMENT,6EME SECTEUR
40-54 ans,LES TROIS LUCS,1136,12ÈME ARRONDISSEMENT,6EME SECTEUR
55-64 ans,LES TROIS LUCS,772,12ÈME ARRONDISSEMENT,6EME SECTEUR
65-79 ans,LES TROIS LUCS,1028,12ÈME ARRONDISSEMENT,6EME SECTEUR
80 ans ou plus,LES TROIS LUCS,463,12ÈME ARRONDISSEMENT,6EME SECTEUR
0-2 ans,CHÂTEAU GOMBERT,371,13EME ARRONDISSEMENT,7EME SECTEUR
3-5 ans,CHÂTEAU GOMBERT,305,13EME ARRONDISSEMENT,7EME SECTEUR
6-10 ans,CHÂTEAU GOMBERT,591,13EME ARRONDISSEMENT,7EME SECTEUR
11-17 ans,CHÂTEAU GOMBERT,570,13EME ARRONDISSEMENT,7EME SECTEUR
18-24 ans,CHÂTEAU GOMBERT,1058,13EME ARRONDISSEMENT,7EME SECTEUR
25-39 ans,CHÂTEAU GOMBERT,1985,13EME ARRONDISSEMENT,7EME SECTEUR
40-54 ans,CHÂTEAU GOMBERT,1422,13EME ARRONDISSEMENT,7EME SECTEUR
55-64 ans,CHÂTEAU GOMBERT,881,13EME ARRONDISSEMENT,7EME SECTEUR
65-79 ans,CHÂTEAU GOMBERT,841,13EME ARRONDISSEMENT,7EME SECTEUR
80 ans ou plus,CHÂTEAU GOMBERT,363,13EME ARRONDISSEMENT,7EME SECTEUR
0-2 ans,LA CROIX ROUGE,247,13EME ARRONDISSEMENT,7EME SECTEUR
3-5 ans,LA CROIX ROUGE,180,13EME ARRONDISSEMENT,7EME SECTEUR
6-10 ans,LA CROIX ROUGE,402,13EME ARRONDISSEMENT,7EME SECTEUR
11-17 ans,LA CROIX ROUGE,724,13EME ARRONDISSEMENT,7EME SECTEUR
18-24 ans,LA CROIX ROUGE,994,13EME ARRONDISSEMENT,7EME SECTEUR
25-39 ans,LA CROIX ROUGE,1409,13EME ARRONDISSEMENT,7EME SECTEUR
40-54 ans,LA CROIX ROUGE,1266,13EME ARRONDISSEMENT,7EME SECTEUR
55-64 ans,LA CROIX ROUGE,926,13EME ARRONDISSEMENT,7EME SECTEUR
65-79 ans,LA CROIX ROUGE,787,13EME ARRONDISSEMENT,7EME SECTEUR
80 ans ou plus,LA CROIX ROUGE,300,13EME ARRONDISSEMENT,7EME SECTEUR
0-2 ans,MALPASSÉ,414,13EME ARRONDISSEMENT,7EME SECTEUR
3-5 ans,MALPASSÉ,413,13EME ARRONDISSEMENT,7EME SECTEUR
6-10 ans,MALPASSÉ,752,13EME ARRONDISSEMENT,7EME SECTEUR
11-17 ans,MALPASSÉ,1078,13EME ARRONDISSEMENT,7EME SECTEUR
18-24 ans,MALPASSÉ,987,13EME ARRONDISSEMENT,7EME SECTEUR
25-39 ans,MALPASSÉ,1694,13EME ARRONDISSEMENT,7EME SECTEUR
40-54 ans,MALPASSÉ,1741,13EME ARRONDISSEMENT,7EME SECTEUR
55-64 ans,MALPASSÉ,1170,13EME ARRONDISSEMENT,7EME SECTEUR
65-79 ans,MALPASSÉ,1188,13EME ARRONDISSEMENT,7EME SECTEUR
80 ans ou plus,MALPASSÉ,504,13EME ARRONDISSEMENT,7EME SECTEUR
0-2 ans,LES MÉDECINS,35,13EME ARRONDISSEMENT,7EME SECTEUR
3-5 ans,LES MÉDECINS,43,13EME ARRONDISSEMENT,7EME SECTEUR
6-10 ans,LES MÉDECINS,86,13EME ARRONDISSEMENT,7EME SECTEUR
11-17 ans,LES MÉDECINS,127,13EME ARRONDISSEMENT,7EME SECTEUR
18-24 ans,LES MÉDECINS,80,13EME ARRONDISSEMENT,7EME SECTEUR
25-39 ans,LES MÉDECINS,182,13EME ARRONDISSEMENT,7EME SECTEUR
40-54 ans,LES MÉDECINS,333,13EME ARRONDISSEMENT,7EME SECTEUR
55-64 ans,LES MÉDECINS,164,13EME ARRONDISSEMENT,7EME SECTEUR
65-79 ans,LES MÉDECINS,238,13EME ARRONDISSEMENT,7EME SECTEUR
80 ans ou plus,LES MÉDECINS,99,13EME ARRONDISSEMENT,7EME SECTEUR
0-2 ans,LES MOURETTES,36,13EME ARRONDISSEMENT,7EME SECTEUR
3-5 ans,LES MOURETTES,51,13EME ARRONDISSEMENT,7EME SECTEUR
6-10 ans,LES MOURETTES,83,13EME ARRONDISSEMENT,7EME SECTEUR
11-17 ans,LES MOURETTES,117,13EME ARRONDISSEMENT,7EME SECTEUR
18-24 ans,LES MOURETTES,117,13EME ARRONDISSEMENT,7EME SECTEUR
25-39 ans,LES MOURETTES,201,13EME ARRONDISSEMENT,7EME SECTEUR
40-54 ans,LES MOURETTES,387,13EME ARRONDISSEMENT,7EME SECTEUR
55-64 ans,LES MOURETTES,272,13EME ARRONDISSEMENT,7EME SECTEUR
65-79 ans,LES MOURETTES,317,13EME ARRONDISSEMENT,7EME SECTEUR
80 ans ou plus,LES MOURETTES,223,13EME ARRONDISSEMENT,7EME SECTEUR
0-2 ans,LES OLIVES,609,13EME ARRONDISSEMENT,7EME SECTEUR
3-5 ans,LES OLIVES,633,13EME ARRONDISSEMENT,7EME SECTEUR
6-10 ans,LES OLIVES,1261,13EME ARRONDISSEMENT,7EME SECTEUR
11-17 ans,LES OLIVES,1257,13EME ARRONDISSEMENT,7EME SECTEUR
18-24 ans,LES OLIVES,1254,13EME ARRONDISSEMENT,7EME SECTEUR
25-39 ans,LES OLIVES,2732,13EME ARRONDISSEMENT,7EME SECTEUR
40-54 ans,LES OLIVES,2814,13EME ARRONDISSEMENT,7EME SECTEUR
55-64 ans,LES OLIVES,2000,13EME ARRONDISSEMENT,7EME SECTEUR
65-79 ans,LES OLIVES,2172,13EME ARRONDISSEMENT,7EME SECTEUR
80 ans ou plus,LES OLIVES,933,13EME ARRONDISSEMENT,7EME SECTEUR
0-2 ans,PALAMA,86,13EME ARRONDISSEMENT,7EME SECTEUR
3-5 ans,PALAMA,75,13EME ARRONDISSEMENT,7EME SECTEUR
6-10 ans,PALAMA,142,13EME ARRONDISSEMENT,7EME SECTEUR
11-17 ans,PALAMA,205,13EME ARRONDISSEMENT,7EME SECTEUR
18-24 ans,PALAMA,149,13EME ARRONDISSEMENT,7EME SECTEUR
25-39 ans,PALAMA,340,13EME ARRONDISSEMENT,7EME SECTEUR
40-54 ans,PALAMA,438,13EME ARRONDISSEMENT,7EME SECTEUR
55-64 ans,PALAMA,318,13EME ARRONDISSEMENT,7EME SECTEUR
65-79 ans,PALAMA,570,13EME ARRONDISSEMENT,7EME SECTEUR
80 ans ou plus,PALAMA,204,13EME ARRONDISSEMENT,7EME SECTEUR
0-2 ans,LA ROSE,569,13EME ARRONDISSEMENT,7EME SECTEUR
3-5 ans,LA ROSE,568,13EME ARRONDISSEMENT,7EME SECTEUR
6-10 ans,LA ROSE,1038,13EME ARRONDISSEMENT,7EME SECTEUR
11-17 ans,LA ROSE,1459,13EME ARRONDISSEMENT,7EME SECTEUR
18-24 ans,LA ROSE,1309,13EME ARRONDISSEMENT,7EME SECTEUR
25-39 ans,LA ROSE,2237,13EME ARRONDISSEMENT,7EME SECTEUR
40-54 ans,LA ROSE,2345,13EME ARRONDISSEMENT,7EME SECTEUR
55-64 ans,LA ROSE,1539,13EME ARRONDISSEMENT,7EME SECTEUR
65-79 ans,LA ROSE,1626,13EME ARRONDISSEMENT,7EME SECTEUR
80 ans ou plus,LA ROSE,875,13EME ARRONDISSEMENT,7EME SECTEUR
0-2 ans,SAINT JÉROME,274,13EME ARRONDISSEMENT,7EME SECTEUR
3-5 ans,SAINT JÉROME,281,13EME ARRONDISSEMENT,7EME SECTEUR
6-10 ans,SAINT JÉROME,541,13EME ARRONDISSEMENT,7EME SECTEUR
11-17 ans,SAINT JÉROME,829,13EME ARRONDISSEMENT,7EME SECTEUR
18-24 ans,SAINT JÉROME,1669,13EME ARRONDISSEMENT,7EME SECTEUR
25-39 ans,SAINT JÉROME,1781,13EME ARRONDISSEMENT,7EME SECTEUR
40-54 ans,SAINT JÉROME,1583,13EME ARRONDISSEMENT,7EME SECTEUR
55-64 ans,SAINT JÉROME,1126,13EME ARRONDISSEMENT,7EME SECTEUR
65-79 ans,SAINT JÉROME,931,13EME ARRONDISSEMENT,7EME SECTEUR
80 ans ou plus,SAINT JÉROME,386,13EME ARRONDISSEMENT,7EME SECTEUR
0-2 ans,SAINT JUST,83,13EME ARRONDISSEMENT,7EME SECTEUR
3-5 ans,SAINT JUST,130,13EME ARRONDISSEMENT,7EME SECTEUR
6-10 ans,SAINT JUST,1063,13EME ARRONDISSEMENT,7EME SECTEUR
11-17 ans,SAINT JUST,1364,13EME ARRONDISSEMENT,7EME SECTEUR
18-24 ans,SAINT JUST,1374,13EME ARRONDISSEMENT,7EME SECTEUR
25-39 ans,SAINT JUST,3157,13EME ARRONDISSEMENT,7EME SECTEUR
40-54 ans,SAINT JUST,2748,13EME ARRONDISSEMENT,7EME SECTEUR
55-64 ans,SAINT JUST,1651,13EME ARRONDISSEMENT,7EME SECTEUR
65-79 ans,SAINT JUST,1764,13EME ARRONDISSEMENT,7EME SECTEUR
80 ans ou plus,SAINT JUST,846,13EME ARRONDISSEMENT,7EME SECTEUR
0-2 ans,SAINT MITRE,289,13EME ARRONDISSEMENT,7EME SECTEUR
3-5 ans,SAINT MITRE,311,13EME ARRONDISSEMENT,7EME SECTEUR
6-10 ans,SAINT MITRE,845,13EME ARRONDISSEMENT,7EME SECTEUR
11-17 ans,SAINT MITRE,867,13EME ARRONDISSEMENT,7EME SECTEUR
18-24 ans,SAINT MITRE,633,13EME ARRONDISSEMENT,7EME SECTEUR
25-39 ans,SAINT MITRE,1507,13EME ARRONDISSEMENT,7EME SECTEUR
40-54 ans,SAINT MITRE,1572,13EME ARRONDISSEMENT,7EME SECTEUR
55-64 ans,SAINT MITRE,1439,13EME ARRONDISSEMENT,7EME SECTEUR
65-79 ans,SAINT MITRE,1267,13EME ARRONDISSEMENT,7EME SECTEUR
80 ans ou plus,SAINT MITRE,445,13EME ARRONDISSEMENT,7EME SECTEUR
0-2 ans,LES ARNAVAUX,283,14ÈME ARRONDISSEMENT,7EME SECTEUR
3-5 ans,LES ARNAVAUX,357,14ÈME ARRONDISSEMENT,7EME SECTEUR
6-10 ans,LES ARNAVAUX,537,14ÈME ARRONDISSEMENT,7EME SECTEUR
11-17 ans,LES ARNAVAUX,653,14ÈME ARRONDISSEMENT,7EME SECTEUR
18-24 ans,LES ARNAVAUX,486,14ÈME ARRONDISSEMENT,7EME SECTEUR
25-39 ans,LES ARNAVAUX,1072,14ÈME ARRONDISSEMENT,7EME SECTEUR
40-54 ans,LES ARNAVAUX,985,14ÈME ARRONDISSEMENT,7EME SECTEUR
55-64 ans,LES ARNAVAUX,507,14ÈME ARRONDISSEMENT,7EME SECTEUR
65-79 ans,LES ARNAVAUX,498,14ÈME ARRONDISSEMENT,7EME SECTEUR
80 ans ou plus,LES ARNAVAUX,244,14ÈME ARRONDISSEMENT,7EME SECTEUR
0-2 ans,BON SECOURS,367,14ÈME ARRONDISSEMENT,7EME SECTEUR
3-5 ans,BON SECOURS,283,14ÈME ARRONDISSEMENT,7EME SECTEUR
6-10 ans,BON SECOURS,620,14ÈME ARRONDISSEMENT,7EME SECTEUR
11-17 ans,BON SECOURS,640,14ÈME ARRONDISSEMENT,7EME SECTEUR
18-24 ans,BON SECOURS,625,14ÈME ARRONDISSEMENT,7EME SECTEUR
25-39 ans,BON SECOURS,1589,14ÈME ARRONDISSEMENT,7EME SECTEUR
40-54 ans,BON SECOURS,2117,14ÈME ARRONDISSEMENT,7EME SECTEUR
55-64 ans,BON SECOURS,1185,14ÈME ARRONDISSEMENT,7EME SECTEUR
65-79 ans,BON SECOURS,1194,14ÈME ARRONDISSEMENT,7EME SECTEUR
80 ans ou plus,BON SECOURS,378,14ÈME ARRONDISSEMENT,7EME SECTEUR
0-2 ans,LE CANET,361,14ÈME ARRONDISSEMENT,7EME SECTEUR
3-5 ans,LE CANET,405,14ÈME ARRONDISSEMENT,7EME SECTEUR
6-10 ans,LE CANET,660,14ÈME ARRONDISSEMENT,7EME SECTEUR
11-17 ans,LE CANET,833,14ÈME ARRONDISSEMENT,7EME SECTEUR
18-24 ans,LE CANET,674,14ÈME ARRONDISSEMENT,7EME SECTEUR
25-39 ans,LE CANET,1649,14ÈME ARRONDISSEMENT,7EME SECTEUR
40-54 ans,LE CANET,1371,14ÈME ARRONDISSEMENT,7EME SECTEUR
55-64 ans,LE CANET,887,14ÈME ARRONDISSEMENT,7EME SECTEUR
65-79 ans,LE CANET,838,14ÈME ARRONDISSEMENT,7EME SECTEUR
80 ans ou plus,LE CANET,305,14ÈME ARRONDISSEMENT,7EME SECTEUR
0-2 ans,LE MERLAN,389,14ÈME ARRONDISSEMENT,7EME SECTEUR
3-5 ans,LE MERLAN,443,14ÈME ARRONDISSEMENT,7EME SECTEUR
6-10 ans,LE MERLAN,691,14ÈME ARRONDISSEMENT,7EME SECTEUR
11-17 ans,LE MERLAN,837,14ÈME ARRONDISSEMENT,7EME SECTEUR
18-24 ans,LE MERLAN,1044,14ÈME ARRONDISSEMENT,7EME SECTEUR
25-39 ans,LE MERLAN,1794,14ÈME ARRONDISSEMENT,7EME SECTEUR
40-54 ans,LE MERLAN,1537,14ÈME ARRONDISSEMENT,7EME SECTEUR
55-64 ans,LE MERLAN,1219,14ÈME ARRONDISSEMENT,7EME SECTEUR
65-79 ans,LE MERLAN,1199,14ÈME ARRONDISSEMENT,7EME SECTEUR
80 ans ou plus,LE MERLAN,417,14ÈME ARRONDISSEMENT,7EME SECTEUR
0-2 ans,SAINT BARTHÉLÉMY,852,14ÈME ARRONDISSEMENT,7EME SECTEUR
3-5 ans,SAINT BARTHÉLÉMY,953,14ÈME ARRONDISSEMENT,7EME SECTEUR
6-10 ans,SAINT BARTHÉLÉMY,1586,14ÈME ARRONDISSEMENT,7EME SECTEUR
11-17 ans,SAINT BARTHÉLÉMY,1979,14ÈME ARRONDISSEMENT,7EME SECTEUR
18-24 ans,SAINT BARTHÉLÉMY,1546,14ÈME ARRONDISSEMENT,7EME SECTEUR
25-39 ans,SAINT BARTHÉLÉMY,3058,14ÈME ARRONDISSEMENT,7EME SECTEUR
40-54 ans,SAINT BARTHÉLÉMY,2763,14ÈME ARRONDISSEMENT,7EME SECTEUR
55-64 ans,SAINT BARTHÉLÉMY,1751,14ÈME ARRONDISSEMENT,7EME SECTEUR
65-79 ans,SAINT BARTHÉLÉMY,1455,14ÈME ARRONDISSEMENT,7EME SECTEUR
80 ans ou plus,SAINT BARTHÉLÉMY,524,14ÈME ARRONDISSEMENT,7EME SECTEUR
0-2 ans,SAINT JOSEPH,189,14ÈME ARRONDISSEMENT,7EME SECTEUR
3-5 ans,SAINT JOSEPH,218,14ÈME ARRONDISSEMENT,7EME SECTEUR
6-10 ans,SAINT JOSEPH,276,14ÈME ARRONDISSEMENT,7EME SECTEUR
11-17 ans,SAINT JOSEPH,377,14ÈME ARRONDISSEMENT,7EME SECTEUR
18-24 ans,SAINT JOSEPH,342,14ÈME ARRONDISSEMENT,7EME SECTEUR
25-39 ans,SAINT JOSEPH,875,14ÈME ARRONDISSEMENT,7EME SECTEUR
40-54 ans,SAINT JOSEPH,829,14ÈME ARRONDISSEMENT,7EME SECTEUR
55-64 ans,SAINT JOSEPH,493,14ÈME ARRONDISSEMENT,7EME SECTEUR
65-79 ans,SAINT JOSEPH,532,14ÈME ARRONDISSEMENT,7EME SECTEUR
80 ans ou plus,SAINT JOSEPH,336,14ÈME ARRONDISSEMENT,7EME SECTEUR
0-2 ans,SAINTE MARTHE,298,14ÈME ARRONDISSEMENT,7EME SECTEUR
3-5 ans,SAINTE MARTHE,252,14ÈME ARRONDISSEMENT,7EME SECTEUR
6-10 ans,SAINTE MARTHE,401,14ÈME ARRONDISSEMENT,7EME SECTEUR
11-17 ans,SAINTE MARTHE,471,14ÈME ARRONDISSEMENT,7EME SECTEUR
18-24 ans,SAINTE MARTHE,567,14ÈME ARRONDISSEMENT,7EME SECTEUR
25-39 ans,SAINTE MARTHE,1422,14ÈME ARRONDISSEMENT,7EME SECTEUR
40-54 ans,SAINTE MARTHE,1071,14ÈME ARRONDISSEMENT,7EME SECTEUR
55-64 ans,SAINTE MARTHE,564,14ÈME ARRONDISSEMENT,7EME SECTEUR
65-79 ans,SAINTE MARTHE,497,14ÈME ARRONDISSEMENT,7EME SECTEUR
80 ans ou plus,SAINTE MARTHE,170,14ÈME ARRONDISSEMENT,7EME SECTEUR
0-2 ans,LES AYGALADES,229,15EME ARRONDISSEMENT,8EME SECTEUR
3-5 ans,LES AYGALADES,307,15EME ARRONDISSEMENT,8EME SECTEUR
6-10 ans,LES AYGALADES,617,15EME ARRONDISSEMENT,8EME SECTEUR
11-17 ans,LES AYGALADES,768,15EME ARRONDISSEMENT,8EME SECTEUR
18-24 ans,LES AYGALADES,662,15EME ARRONDISSEMENT,8EME SECTEUR
25-39 ans,LES AYGALADES,1035,15EME ARRONDISSEMENT,8EME SECTEUR
40-54 ans,LES AYGALADES,1080,15EME ARRONDISSEMENT,8EME SECTEUR
55-64 ans,LES AYGALADES,668,15EME ARRONDISSEMENT,8EME SECTEUR
65-79 ans,LES AYGALADES,499,15EME ARRONDISSEMENT,8EME SECTEUR
80 ans ou plus,LES AYGALADES,317,15EME ARRONDISSEMENT,8EME SECTEUR
0-2 ans,LES BORELS,58,15EME ARRONDISSEMENT,8EME SECTEUR
3-5 ans,LES BORELS,76,15EME ARRONDISSEMENT,8EME SECTEUR
6-10 ans,LES BORELS,138,15EME ARRONDISSEMENT,8EME SECTEUR
11-17 ans,LES BORELS,226,15EME ARRONDISSEMENT,8EME SECTEUR
18-24 ans,LES BORELS,231,15EME ARRONDISSEMENT,8EME SECTEUR
25-39 ans,LES BORELS,375,15EME ARRONDISSEMENT,8EME SECTEUR
40-54 ans,LES BORELS,431,15EME ARRONDISSEMENT,8EME SECTEUR
55-64 ans,LES BORELS,325,15EME ARRONDISSEMENT,8EME SECTEUR
65-79 ans,LES BORELS,312,15EME ARRONDISSEMENT,8EME SECTEUR
80 ans ou plus,LES BORELS,67,15EME ARRONDISSEMENT,8EME SECTEUR
0-2 ans,LA CABUCELLE,407,15EME ARRONDISSEMENT,8EME SECTEUR
3-5 ans,LA CABUCELLE,412,15EME ARRONDISSEMENT,8EME SECTEUR
6-10 ans,LA CABUCELLE,821,15EME ARRONDISSEMENT,8EME SECTEUR
11-17 ans,LA CABUCELLE,768,15EME ARRONDISSEMENT,8EME SECTEUR
18-24 ans,LA CABUCELLE,877,15EME ARRONDISSEMENT,8EME SECTEUR
25-39 ans,LA CABUCELLE,1456,15EME ARRONDISSEMENT,8EME SECTEUR
40-54 ans,LA CABUCELLE,1686,15EME ARRONDISSEMENT,8EME SECTEUR
55-64 ans,LA CABUCELLE,798,15EME ARRONDISSEMENT,8EME SECTEUR
65-79 ans,LA CABUCELLE,842,15EME ARRONDISSEMENT,8EME SECTEUR
80 ans ou plus,LA CABUCELLE,265,15EME ARRONDISSEMENT,8EME SECTEUR
0-2 ans,LA CALADE,308,15EME ARRONDISSEMENT,8EME SECTEUR
3-5 ans,LA CALADE,331,15EME ARRONDISSEMENT,8EME SECTEUR
6-10 ans,LA CALADE,498,15EME ARRONDISSEMENT,8EME SECTEUR
11-17 ans,LA CALADE,708,15EME ARRONDISSEMENT,8EME SECTEUR
18-24 ans,LA CALADE,614,15EME ARRONDISSEMENT,8EME SECTEUR
25-39 ans,LA CALADE,1470,15EME ARRONDISSEMENT,8EME SECTEUR
40-54 ans,LA CALADE,1218,15EME ARRONDISSEMENT,8EME SECTEUR
55-64 ans,LA CALADE,711,15EME ARRONDISSEMENT,8EME SECTEUR
65-79 ans,LA CALADE,746,15EME ARRONDISSEMENT,8EME SECTEUR
80 ans ou plus,LA CALADE,243,15EME ARRONDISSEMENT,8EME SECTEUR
0-2 ans,LES CROTTES,180,15EME ARRONDISSEMENT,8EME SECTEUR
3-5 ans,LES CROTTES,126,15EME ARRONDISSEMENT,8EME SECTEUR
6-10 ans,LES CROTTES,290,15EME ARRONDISSEMENT,8EME SECTEUR
11-17 ans,LES CROTTES,350,15EME ARRONDISSEMENT,8EME SECTEUR
18-24 ans,LES CROTTES,400,15EME ARRONDISSEMENT,8EME SECTEUR
25-39 ans,LES CROTTES,917,15EME ARRONDISSEMENT,8EME SECTEUR
40-54 ans,LES CROTTES,744,15EME ARRONDISSEMENT,8EME SECTEUR
55-64 ans,LES CROTTES,322,15EME ARRONDISSEMENT,8EME SECTEUR
65-79 ans,LES CROTTES,288,15EME ARRONDISSEMENT,8EME SECTEUR
80 ans ou plus,LES CROTTES,68,15EME ARRONDISSEMENT,8EME SECTEUR
0-2 ans,LA DELORME,268,15EME ARRONDISSEMENT,8EME SECTEUR
3-5 ans,LA DELORME,352,15EME ARRONDISSEMENT,8EME SECTEUR
6-10 ans,LA DELORME,488,15EME ARRONDISSEMENT,8EME SECTEUR
11-17 ans,LA DELORME,881,15EME ARRONDISSEMENT,8EME SECTEUR
18-24 ans,LA DELORME,861,15EME ARRONDISSEMENT,8EME SECTEUR
25-39 ans,LA DELORME,1976,15EME ARRONDISSEMENT,8EME SECTEUR
40-54 ans,LA DELORME,1143,15EME ARRONDISSEMENT,8EME SECTEUR
55-64 ans,LA DELORME,662,15EME ARRONDISSEMENT,8EME SECTEUR
65-79 ans,LA DELORME,726,15EME ARRONDISSEMENT,8EME SECTEUR
80 ans ou plus,LA DELORME,278,15EME ARRONDISSEMENT,8EME SECTEUR
0-2 ans,NOTRE DAME LIMITE,403,15EME ARRONDISSEMENT,8EME SECTEUR
3-5 ans,NOTRE DAME LIMITE,442,15EME ARRONDISSEMENT,8EME SECTEUR
6-10 ans,NOTRE DAME LIMITE,826,15EME ARRONDISSEMENT,8EME SECTEUR
11-17 ans,NOTRE DAME LIMITE,1420,15EME ARRONDISSEMENT,8EME SECTEUR
18-24 ans,NOTRE DAME LIMITE,1435,15EME ARRONDISSEMENT,8EME SECTEUR
25-39 ans,NOTRE DAME LIMITE,3105,15EME ARRONDISSEMENT,8EME SECTEUR
40-54 ans,NOTRE DAME LIMITE,2203,15EME ARRONDISSEMENT,8EME SECTEUR
55-64 ans,NOTRE DAME LIMITE,1229,15EME ARRONDISSEMENT,8EME SECTEUR
65-79 ans,NOTRE DAME LIMITE,1032,15EME ARRONDISSEMENT,8EME SECTEUR
80 ans ou plus,NOTRE DAME LIMITE,433,15EME ARRONDISSEMENT,8EME SECTEUR
0-2 ans,SAINT ANTOINE,303,15EME ARRONDISSEMENT,8EME SECTEUR
3-5 ans,SAINT ANTOINE,302,15EME ARRONDISSEMENT,8EME SECTEUR
6-10 ans,SAINT ANTOINE,505,15EME ARRONDISSEMENT,8EME SECTEUR
11-17 ans,SAINT ANTOINE,876,15EME ARRONDISSEMENT,8EME SECTEUR
18-24 ans,SAINT ANTOINE,587,15EME ARRONDISSEMENT,8EME SECTEUR
25-39 ans,SAINT ANTOINE,1528,15EME ARRONDISSEMENT,8EME SECTEUR
40-54 ans,SAINT ANTOINE,1374,15EME ARRONDISSEMENT,8EME SECTEUR
55-64 ans,SAINT ANTOINE,931,15EME ARRONDISSEMENT,8EME SECTEUR
65-79 ans,SAINT ANTOINE,899,15EME ARRONDISSEMENT,8EME SECTEUR
80 ans ou plus,SAINT ANTOINE,381,15EME ARRONDISSEMENT,8EME SECTEUR
0-2 ans,SAINT LOUIS,808,15EME ARRONDISSEMENT,8EME SECTEUR
3-5 ans,SAINT LOUIS,683,15EME ARRONDISSEMENT,8EME SECTEUR
6-10 ans,SAINT LOUIS,962,15EME ARRONDISSEMENT,8EME SECTEUR
11-17 ans,SAINT LOUIS,1128,15EME ARRONDISSEMENT,8EME SECTEUR
18-24 ans,SAINT LOUIS,973,15EME ARRONDISSEMENT,8EME SECTEUR
25-39 ans,SAINT LOUIS,2173,15EME ARRONDISSEMENT,8EME SECTEUR
40-54 ans,SAINT LOUIS,2060,15EME ARRONDISSEMENT,8EME SECTEUR
55-64 ans,SAINT LOUIS,994,15EME ARRONDISSEMENT,8EME SECTEUR
65-79 ans,SAINT LOUIS,999,15EME ARRONDISSEMENT,8EME SECTEUR
80 ans ou plus,SAINT LOUIS,375,15EME ARRONDISSEMENT,8EME SECTEUR
0-2 ans,VERDURON,345,15EME ARRONDISSEMENT,8EME SECTEUR
3-5 ans,VERDURON,345,15EME ARRONDISSEMENT,8EME SECTEUR
6-10 ans,VERDURON,617,15EME ARRONDISSEMENT,8EME SECTEUR
11-17 ans,VERDURON,1072,15EME ARRONDISSEMENT,8EME SECTEUR
18-24 ans,VERDURON,931,15EME ARRONDISSEMENT,8EME SECTEUR
25-39 ans,VERDURON,2087,15EME ARRONDISSEMENT,8EME SECTEUR
40-54 ans,VERDURON,1651,15EME ARRONDISSEMENT,8EME SECTEUR
55-64 ans,VERDURON,820,15EME ARRONDISSEMENT,8EME SECTEUR
65-79 ans,VERDURON,888,15EME ARRONDISSEMENT,8EME SECTEUR
80 ans ou plus,VERDURON,313,15EME ARRONDISSEMENT,8EME SECTEUR
0-2 ans,LA VISTE,301,15EME ARRONDISSEMENT,8EME SECTEUR
3-5 ans,LA VISTE,336,15EME ARRONDISSEMENT,8EME SECTEUR
6-10 ans,LA VISTE,397,15EME ARRONDISSEMENT,8EME SECTEUR
11-17 ans,LA VISTE,798,15EME ARRONDISSEMENT,8EME SECTEUR
18-24 ans,LA VISTE,538,15EME ARRONDISSEMENT,8EME SECTEUR
25-39 ans,LA VISTE,1398,15EME ARRONDISSEMENT,8EME SECTEUR
40-54 ans,LA VISTE,1267,15EME ARRONDISSEMENT,8EME SECTEUR
55-64 ans,LA VISTE,641,15EME ARRONDISSEMENT,8EME SECTEUR
65-79 ans,LA VISTE,604,15EME ARRONDISSEMENT,8EME SECTEUR
80 ans ou plus,LA VISTE,277,15EME ARRONDISSEMENT,8EME SECTEUR
0-2 ans,L'ESTAQUE,162,16EME ARRONDISSEMENT,8EME SECTEUR
3-5 ans,L'ESTAQUE,204,16EME ARRONDISSEMENT,8EME SECTEUR
6-10 ans,L'ESTAQUE,368,16EME ARRONDISSEMENT,8EME SECTEUR
11-17 ans,L'ESTAQUE,477,16EME ARRONDISSEMENT,8EME SECTEUR
18-24 ans,L'ESTAQUE,375,16EME ARRONDISSEMENT,8EME SECTEUR
25-39 ans,L'ESTAQUE,942,16EME ARRONDISSEMENT,8EME SECTEUR
40-54 ans,L'ESTAQUE,1280,16EME ARRONDISSEMENT,8EME SECTEUR
55-64 ans,L'ESTAQUE,821,16EME ARRONDISSEMENT,8EME SECTEUR
65-79 ans,L'ESTAQUE,755,16EME ARRONDISSEMENT,8EME SECTEUR
80 ans ou plus,L'ESTAQUE,424,16EME ARRONDISSEMENT,8EME SECTEUR
0-2 ans,LES RIAUX,24,16EME ARRONDISSEMENT,8EME SECTEUR
3-5 ans,LES RIAUX,34,16EME ARRONDISSEMENT,8EME SECTEUR
6-10 ans,LES RIAUX,56,16EME ARRONDISSEMENT,8EME SECTEUR
11-17 ans,LES RIAUX,95,16EME ARRONDISSEMENT,8EME SECTEUR
18-24 ans,LES RIAUX,50,16EME ARRONDISSEMENT,8EME SECTEUR
25-39 ans,LES RIAUX,150,16EME ARRONDISSEMENT,8EME SECTEUR
40-54 ans,LES RIAUX,151,16EME ARRONDISSEMENT,8EME SECTEUR
55-64 ans,LES RIAUX,70,16EME ARRONDISSEMENT,8EME SECTEUR
65-79 ans,LES RIAUX,71,16EME ARRONDISSEMENT,8EME SECTEUR
80 ans ou plus,LES RIAUX,21,16EME ARRONDISSEMENT,8EME SECTEUR
0-2 ans,SAINT ANDRE,124,16EME ARRONDISSEMENT,8EME SECTEUR
3-5 ans,SAINT ANDRE,134,16EME ARRONDISSEMENT,8EME SECTEUR
6-10 ans,SAINT ANDRE,244,16EME ARRONDISSEMENT,8EME SECTEUR
11-17 ans,SAINT ANDRE,303,16EME ARRONDISSEMENT,8EME SECTEUR
18-24 ans,SAINT ANDRE,333,16EME ARRONDISSEMENT,8EME SECTEUR
25-39 ans,SAINT ANDRE,556,16EME ARRONDISSEMENT,8EME SECTEUR
40-54 ans,SAINT ANDRE,717,16EME ARRONDISSEMENT,8EME SECTEUR
55-64 ans,SAINT ANDRE,595,16EME ARRONDISSEMENT,8EME SECTEUR
65-79 ans,SAINT ANDRE,518,16EME ARRONDISSEMENT,8EME SECTEUR
80 ans ou plus,SAINT ANDRE,215,16EME ARRONDISSEMENT,8EME SECTEUR
0-2 ans,SAINT HENRI,162,16EME ARRONDISSEMENT,8EME SECTEUR
3-5 ans,SAINT HENRI,197,16EME ARRONDISSEMENT,8EME SECTEUR
6-10 ans,SAINT HENRI,343,16EME ARRONDISSEMENT,8EME SECTEUR
11-17 ans,SAINT HENRI,458,16EME ARRONDISSEMENT,8EME SECTEUR
18-24 ans,SAINT HENRI,428,16EME ARRONDISSEMENT,8EME SECTEUR
25-39 ans,SAINT HENRI,760,16EME ARRONDISSEMENT,8EME SECTEUR
40-54 ans,SAINT HENRI,1047,16EME ARRONDISSEMENT,8EME SECTEUR
55-64 ans,SAINT HENRI,726,16EME ARRONDISSEMENT,8EME SECTEUR
65-79 ans,SAINT HENRI,697,16EME ARRONDISSEMENT,8EME SECTEUR
80 ans ou plus,SAINT HENRI,327,16EME ARRONDISSEMENT,8EME SECTEUR
0-2 ans,ARENC,59,2EME ARRONDISSEMENT,2EME SECTEUR
3-5 ans,ARENC,47,2EME ARRONDISSEMENT,2EME SECTEUR
6-10 ans,ARENC,108,2EME ARRONDISSEMENT,2EME SECTEUR
11-17 ans,ARENC,171,2EME ARRONDISSEMENT,2EME SECTEUR
18-24 ans,ARENC,123,2EME ARRONDISSEMENT,2EME SECTEUR
25-39 ans,ARENC,327,2EME ARRONDISSEMENT,2EME SECTEUR
40-54 ans,ARENC,344,2EME ARRONDISSEMENT,2EME SECTEUR
55-64 ans,ARENC,209,2EME ARRONDISSEMENT,2EME SECTEUR
65-79 ans,ARENC,225,2EME ARRONDISSEMENT,2EME SECTEUR
80 ans ou plus,ARENC,55,2EME ARRONDISSEMENT,2EME SECTEUR
0-2 ans,LES GRANDS CARMES,180,2EME ARRONDISSEMENT,2EME SECTEUR
3-5 ans,LES GRANDS CARMES,190,2EME ARRONDISSEMENT,2EME SECTEUR
6-10 ans,LES GRANDS CARMES,312,2EME ARRONDISSEMENT,2EME SECTEUR
11-17 ans,LES GRANDS CARMES,489,2EME ARRONDISSEMENT,2EME SECTEUR
18-24 ans,LES GRANDS CARMES,781,2EME ARRONDISSEMENT,2EME SECTEUR
25-39 ans,LES GRANDS CARMES,1483,2EME ARRONDISSEMENT,2EME SECTEUR
40-54 ans,LES GRANDS CARMES,1302,2EME ARRONDISSEMENT,2EME SECTEUR
55-64 ans,LES GRANDS CARMES,817,2EME ARRONDISSEMENT,2EME SECTEUR
65-79 ans,LES GRANDS CARMES,1023,2EME ARRONDISSEMENT,2EME SECTEUR
80 ans ou plus,LES GRANDS CARMES,321,2EME ARRONDISSEMENT,2EME SECTEUR
0-2 ans,HOTEL DE VILLE,134,2EME ARRONDISSEMENT,2EME SECTEUR
3-5 ans,HOTEL DE VILLE,124,2EME ARRONDISSEMENT,2EME SECTEUR
6-10 ans,HOTEL DE VILLE,225,2EME ARRONDISSEMENT,2EME SECTEUR
11-17 ans,HOTEL DE VILLE,258,2EME ARRONDISSEMENT,2EME SECTEUR
18-24 ans,HOTEL DE VILLE,395,2EME ARRONDISSEMENT,2EME SECTEUR
25-39 ans,HOTEL DE VILLE,1313,2EME ARRONDISSEMENT,2EME SECTEUR
40-54 ans,HOTEL DE VILLE,951,2EME ARRONDISSEMENT,2EME SECTEUR
55-64 ans,HOTEL DE VILLE,680,2EME ARRONDISSEMENT,2EME SECTEUR
65-79 ans,HOTEL DE VILLE,1067,2EME ARRONDISSEMENT,2EME SECTEUR
80 ans ou plus,HOTEL DE VILLE,492,2EME ARRONDISSEMENT,2EME SECTEUR
0-2 ans,LA JOLIETTE,389,2EME ARRONDISSEMENT,2EME SECTEUR
3-5 ans,LA JOLIETTE,353,2EME ARRONDISSEMENT,2EME SECTEUR
6-10 ans,LA JOLIETTE,640,2EME ARRONDISSEMENT,2EME SECTEUR
11-17 ans,LA JOLIETTE,701,2EME ARRONDISSEMENT,2EME SECTEUR
18-24 ans,LA JOLIETTE,1018,2EME ARRONDISSEMENT,2EME SECTEUR
25-39 ans,LA JOLIETTE,2680,2EME ARRONDISSEMENT,2EME SECTEUR
40-54 ans,LA JOLIETTE,1796,2EME ARRONDISSEMENT,2EME SECTEUR
55-64 ans,LA JOLIETTE,1013,2EME ARRONDISSEMENT,2EME SECTEUR
65-79 ans,LA JOLIETTE,969,2EME ARRONDISSEMENT,2EME SECTEUR
80 ans ou plus,LA JOLIETTE,386,2EME ARRONDISSEMENT,2EME SECTEUR
0-2 ans,LA BELLE DE MAI,663,3EME ARRONDISSEMENT,2EME SECTEUR
3-5 ans,LA BELLE DE MAI,667,3EME ARRONDISSEMENT,2EME SECTEUR
6-10 ans,LA BELLE DE MAI,1078,3EME ARRONDISSEMENT,2EME SECTEUR
11-17 ans,LA BELLE DE MAI,1344,3EME ARRONDISSEMENT,2EME SECTEUR
18-24 ans,LA BELLE DE MAI,1367,3EME ARRONDISSEMENT,2EME SECTEUR
25-39 ans,LA BELLE DE MAI,3216,3EME ARRONDISSEMENT,2EME SECTEUR
40-54 ans,LA BELLE DE MAI,3450,3EME ARRONDISSEMENT,2EME SECTEUR
55-64 ans,LA BELLE DE MAI,1609,3EME ARRONDISSEMENT,2EME SECTEUR
65-79 ans,LA BELLE DE MAI,1641,3EME ARRONDISSEMENT,2EME SECTEUR
80 ans ou plus,LA BELLE DE MAI,614,3EME ARRONDISSEMENT,2EME SECTEUR
0-2 ans,SAINT LAZARE,536,3EME ARRONDISSEMENT,2EME SECTEUR
3-5 ans,SAINT LAZARE,512,3EME ARRONDISSEMENT,2EME SECTEUR
6-10 ans,SAINT LAZARE,805,3EME ARRONDISSEMENT,2EME SECTEUR
11-17 ans,SAINT LAZARE,1169,3EME ARRONDISSEMENT,2EME SECTEUR
18-24 ans,SAINT LAZARE,2168,3EME ARRONDISSEMENT,2EME SECTEUR
25-39 ans,SAINT LAZARE,2881,3EME ARRONDISSEMENT,2EME SECTEUR
40-54 ans,SAINT LAZARE,2566,3EME ARRONDISSEMENT,2EME SECTEUR
55-64 ans,SAINT LAZARE,1354,3EME ARRONDISSEMENT,2EME SECTEUR
65-79 ans,SAINT LAZARE,1307,3EME ARRONDISSEMENT,2EME SECTEUR
80 ans ou plus,SAINT LAZARE,558,3EME ARRONDISSEMENT,2EME SECTEUR
0-2 ans,SAINT MAURONT,899,3EME ARRONDISSEMENT,2EME SECTEUR
3-5 ans,SAINT MAURONT,913,3EME ARRONDISSEMENT,2EME SECTEUR
6-10 ans,SAINT MAURONT,1427,3EME ARRONDISSEMENT,2EME SECTEUR
11-17 ans,SAINT MAURONT,1684,3EME ARRONDISSEMENT,2EME SECTEUR
18-24 ans,SAINT MAURONT,1752,3EME ARRONDISSEMENT,2EME SECTEUR
25-39 ans,SAINT MAURONT,3387,3EME ARRONDISSEMENT,2EME SECTEUR
40-54 ans,SAINT MAURONT,2788,3EME ARRONDISSEMENT,2EME SECTEUR
55-64 ans,SAINT MAURONT,1425,3EME ARRONDISSEMENT,2EME SECTEUR
65-79 ans,SAINT MAURONT,1470,3EME ARRONDISSEMENT,2EME SECTEUR
80 ans ou plus,SAINT MAURONT,556,3EME ARRONDISSEMENT,2EME SECTEUR
0-2 ans,LA VILLETTE,456,3EME ARRONDISSEMENT,2EME SECTEUR
3-5 ans,LA VILLETTE,420,3EME ARRONDISSEMENT,2EME SECTEUR
6-10 ans,LA VILLETTE,684,3EME ARRONDISSEMENT,2EME SECTEUR
11-17 ans,LA VILLETTE,890,3EME ARRONDISSEMENT,2EME SECTEUR
18-24 ans,LA VILLETTE,1013,3EME ARRONDISSEMENT,2EME SECTEUR
25-39 ans,LA VILLETTE,2081,3EME ARRONDISSEMENT,2EME SECTEUR
40-54 ans,LA VILLETTE,1910,3EME ARRONDISSEMENT,2EME SECTEUR
55-64 ans,LA VILLETTE,1006,3EME ARRONDISSEMENT,2EME SECTEUR
65-79 ans,LA VILLETTE,932,3EME ARRONDISSEMENT,2EME SECTEUR
80 ans ou plus,LA VILLETTE,456,3EME ARRONDISSEMENT,2EME SECTEUR
0-2 ans,LA BLANCARDE,588,4EME ARRONDISSEMENT,3EME SECTEUR
3-5 ans,LA BLANCARDE,552,4EME ARRONDISSEMENT,3EME SECTEUR
6-10 ans,LA BLANCARDE,852,4EME ARRONDISSEMENT,3EME SECTEUR
11-17 ans,LA BLANCARDE,1145,4EME ARRONDISSEMENT,3EME SECTEUR
18-24 ans,LA BLANCARDE,1447,4EME ARRONDISSEMENT,3EME SECTEUR
25-39 ans,LA BLANCARDE,3309,4EME ARRONDISSEMENT,3EME SECTEUR
40-54 ans,LA BLANCARDE,2931,4EME ARRONDISSEMENT,3EME SECTEUR
55-64 ans,LA BLANCARDE,1771,4EME ARRONDISSEMENT,3EME SECTEUR
65-79 ans,LA BLANCARDE,2007,4EME ARRONDISSEMENT,3EME SECTEUR
80 ans ou plus,LA BLANCARDE,982,4EME ARRONDISSEMENT,3EME SECTEUR
0-2 ans,LES CHARTREUX,386,4EME ARRONDISSEMENT,3EME SECTEUR
3-5 ans,LES CHARTREUX,457,4EME ARRONDISSEMENT,3EME SECTEUR
6-10 ans,LES CHARTREUX,702,4EME ARRONDISSEMENT,3EME SECTEUR
11-17 ans,LES CHARTREUX,841,4EME ARRONDISSEMENT,3EME SECTEUR
18-24 ans,LES CHARTREUX,1090,4EME ARRONDISSEMENT,3EME SECTEUR
25-39 ans,LES CHARTREUX,2724,4EME ARRONDISSEMENT,3EME SECTEUR
40-54 ans,LES CHARTREUX,2119,4EME ARRONDISSEMENT,3EME SECTEUR
55-64 ans,LES CHARTREUX,1314,4EME ARRONDISSEMENT,3EME SECTEUR
65-79 ans,LES CHARTREUX,1112,4EME ARRONDISSEMENT,3EME SECTEUR
80 ans ou plus,LES CHARTREUX,566,4EME ARRONDISSEMENT,3EME SECTEUR
0-2 ans,LES CHUTES LAVIES,318,4EME ARRONDISSEMENT,3EME SECTEUR
3-5 ans,LES CHUTES LAVIES,295,4EME ARRONDISSEMENT,3EME SECTEUR
6-10 ans,LES CHUTES LAVIES,510,4EME ARRONDISSEMENT,3EME SECTEUR
11-17 ans,LES CHUTES LAVIES,613,4EME ARRONDISSEMENT,3EME SECTEUR
18-24 ans,LES CHUTES LAVIES,671,4EME ARRONDISSEMENT,3EME SECTEUR
25-39 ans,LES CHUTES LAVIES,1874,4EME ARRONDISSEMENT,3EME SECTEUR
40-54 ans,LES CHUTES LAVIES,1754,4EME ARRONDISSEMENT,3EME SECTEUR
55-64 ans,LES CHUTES LAVIES,1162,4EME ARRONDISSEMENT,3EME SECTEUR
65-79 ans,LES CHUTES LAVIES,1332,4EME ARRONDISSEMENT,3EME SECTEUR
80 ans ou plus,LES CHUTES LAVIES,877,4EME ARRONDISSEMENT,3EME SECTEUR
0-2 ans,LES CINQ AVENUES,431,4EME ARRONDISSEMENT,3EME SECTEUR
3-5 ans,LES CINQ AVENUES,493,4EME ARRONDISSEMENT,3EME SECTEUR
6-10 ans,LES CINQ AVENUES,699,4EME ARRONDISSEMENT,3EME SECTEUR
11-17 ans,LES CINQ AVENUES,928,4EME ARRONDISSEMENT,3EME SECTEUR
18-24 ans,LES CINQ AVENUES,951,4EME ARRONDISSEMENT,3EME SECTEUR
25-39 ans,LES CINQ AVENUES,3016,4EME ARRONDISSEMENT,3EME SECTEUR
40-54 ans,LES CINQ AVENUES,2589,4EME ARRONDISSEMENT,3EME SECTEUR
55-64 ans,LES CINQ AVENUES,1409,4EME ARRONDISSEMENT,3EME SECTEUR
65-79 ans,LES CINQ AVENUES,1916,4EME ARRONDISSEMENT,3EME SECTEUR
80 ans ou plus,LES CINQ AVENUES,1010,4EME ARRONDISSEMENT,3EME SECTEUR
0-2 ans,BAILLE,244,5EME ARRONDISSEMENT,3EME SECTEUR
3-5 ans,BAILLE,225,5EME ARRONDISSEMENT,3EME SECTEUR
6-10 ans,BAILLE,308,5EME ARRONDISSEMENT,3EME SECTEUR
11-17 ans,BAILLE,425,5EME ARRONDISSEMENT,3EME SECTEUR
18-24 ans,BAILLE,2817,5EME ARRONDISSEMENT,3EME SECTEUR
25-39 ans,BAILLE,2340,5EME ARRONDISSEMENT,3EME SECTEUR
40-54 ans,BAILLE,1371,5EME ARRONDISSEMENT,3EME SECTEUR
55-64 ans,BAILLE,734,5EME ARRONDISSEMENT,3EME SECTEUR
65-79 ans,BAILLE,959,5EME ARRONDISSEMENT,3EME SECTEUR
80 ans ou plus,BAILLE,381,5EME ARRONDISSEMENT,3EME SECTEUR
0-2 ans,LE CAMAS,522,5EME ARRONDISSEMENT,3EME SECTEUR
3-5 ans,LE CAMAS,475,5EME ARRONDISSEMENT,3EME SECTEUR
6-10 ans,LE CAMAS,686,5EME ARRONDISSEMENT,3EME SECTEUR
11-17 ans,LE CAMAS,946,5EME ARRONDISSEMENT,3EME SECTEUR
18-24 ans,LE CAMAS,1146,5EME ARRONDISSEMENT,3EME SECTEUR
25-39 ans,LE CAMAS,4162,5EME ARRONDISSEMENT,3EME SECTEUR
40-54 ans,LE CAMAS,3233,5EME ARRONDISSEMENT,3EME SECTEUR
55-64 ans,LE CAMAS,1741,5EME ARRONDISSEMENT,3EME SECTEUR
65-79 ans,LE CAMAS,2008,5EME ARRONDISSEMENT,3EME SECTEUR
80 ans ou plus,LE CAMAS,795,5EME ARRONDISSEMENT,3EME SECTEUR
0-2 ans,LA CONCEPTION,320,5EME ARRONDISSEMENT,3EME SECTEUR
3-5 ans,LA CONCEPTION,286,5EME ARRONDISSEMENT,3EME SECTEUR
6-10 ans,LA CONCEPTION,536,5EME ARRONDISSEMENT,3EME SECTEUR
11-17 ans,LA CONCEPTION,565,5EME ARRONDISSEMENT,3EME SECTEUR
18-24 ans,LA CONCEPTION,1534,5EME ARRONDISSEMENT,3EME SECTEUR
25-39 ans,LA CONCEPTION,2948,5EME ARRONDISSEMENT,3EME SECTEUR
40-54 ans,LA CONCEPTION,1934,5EME ARRONDISSEMENT,3EME SECTEUR
55-64 ans,LA CONCEPTION,837,5EME ARRONDISSEMENT,3EME SECTEUR
65-79 ans,LA CONCEPTION,1075,5EME ARRONDISSEMENT,3EME SECTEUR
80 ans ou plus,LA CONCEPTION,449,5EME ARRONDISSEMENT,3EME SECTEUR
0-2 ans,SAINT PIERRE,264,5EME ARRONDISSEMENT,3EME SECTEUR
3-5 ans,SAINT PIERRE,238,5EME ARRONDISSEMENT,3EME SECTEUR
6-10 ans,SAINT PIERRE,381,5EME ARRONDISSEMENT,3EME SECTEUR
11-17 ans,SAINT PIERRE,451,5EME ARRONDISSEMENT,3EME SECTEUR
18-24 ans,SAINT PIERRE,1571,5EME ARRONDISSEMENT,3EME SECTEUR
25-39 ans,SAINT PIERRE,2039,5EME ARRONDISSEMENT,3EME SECTEUR
40-54 ans,SAINT PIERRE,1384,5EME ARRONDISSEMENT,3EME SECTEUR
55-64 ans,SAINT PIERRE,815,5EME ARRONDISSEMENT,3EME SECTEUR
65-79 ans,SAINT PIERRE,1251,5EME ARRONDISSEMENT,3EME SECTEUR
80 ans ou plus,SAINT PIERRE,624,5EME ARRONDISSEMENT,3EME SECTEUR
0-2 ans,CASTELLANE,201,6ÈME ARRONDISSEMENT,4EME SECTEUR
3-5 ans,CASTELLANE,115,6ÈME ARRONDISSEMENT,4EME SECTEUR
6-10 ans,CASTELLANE,237,6ÈME ARRONDISSEMENT,4EME SECTEUR
11-17 ans,CASTELLANE,309,6ÈME ARRONDISSEMENT,4EME SECTEUR
18-24 ans,CASTELLANE,763,6ÈME ARRONDISSEMENT,4EME SECTEUR
25-39 ans,CASTELLANE,1529,6ÈME ARRONDISSEMENT,4EME SECTEUR
40-54 ans,CASTELLANE,1069,6ÈME ARRONDISSEMENT,4EME SECTEUR
55-64 ans,CASTELLANE,613,6ÈME ARRONDISSEMENT,4EME SECTEUR
65-79 ans,CASTELLANE,916,6ÈME ARRONDISSEMENT,4EME SECTEUR
80 ans ou plus,CASTELLANE,397,6ÈME ARRONDISSEMENT,4EME SECTEUR
0-2 ans,LODI,232,6ÈME ARRONDISSEMENT,4EME SECTEUR
3-5 ans,LODI,232,6ÈME ARRONDISSEMENT,4EME SECTEUR
6-10 ans,LODI,360,6ÈME ARRONDISSEMENT,4EME SECTEUR
11-17 ans,LODI,476,6ÈME ARRONDISSEMENT,4EME SECTEUR
18-24 ans,LODI,1072,6ÈME ARRONDISSEMENT,4EME SECTEUR
25-39 ans,LODI,2166,6ÈME ARRONDISSEMENT,4EME SECTEUR
40-54 ans,LODI,1504,6ÈME ARRONDISSEMENT,4EME SECTEUR
55-64 ans,LODI,926,6ÈME ARRONDISSEMENT,4EME SECTEUR
65-79 ans,LODI,1346,6ÈME ARRONDISSEMENT,4EME SECTEUR
80 ans ou plus,LODI,803,6ÈME ARRONDISSEMENT,4EME SECTEUR
0-2 ans,NOTRE DAME DU MONT,206,6ÈME ARRONDISSEMENT,4EME SECTEUR
3-5 ans,NOTRE DAME DU MONT,170,6ÈME ARRONDISSEMENT,4EME SECTEUR
6-10 ans,NOTRE DAME DU MONT,271,6ÈME ARRONDISSEMENT,4EME SECTEUR
11-17 ans,NOTRE DAME DU MONT,423,6ÈME ARRONDISSEMENT,4EME SECTEUR
18-24 ans,NOTRE DAME DU MONT,632,6ÈME ARRONDISSEMENT,4EME SECTEUR
25-39 ans,NOTRE DAME DU MONT,1761,6ÈME ARRONDISSEMENT,4EME SECTEUR
40-54 ans,NOTRE DAME DU MONT,1192,6ÈME ARRONDISSEMENT,4EME SECTEUR
55-64 ans,NOTRE DAME DU MONT,663,6ÈME ARRONDISSEMENT,4EME SECTEUR
65-79 ans,NOTRE DAME DU MONT,675,6ÈME ARRONDISSEMENT,4EME SECTEUR
80 ans ou plus,NOTRE DAME DU MONT,274,6ÈME ARRONDISSEMENT,4EME SECTEUR
0-2 ans,PALAIS DE JUSTICE,165,6ÈME ARRONDISSEMENT,4EME SECTEUR
3-5 ans,PALAIS DE JUSTICE,125,6ÈME ARRONDISSEMENT,4EME SECTEUR
6-10 ans,PALAIS DE JUSTICE,225,6ÈME ARRONDISSEMENT,4EME SECTEUR
11-17 ans,PALAIS DE JUSTICE,334,6ÈME ARRONDISSEMENT,4EME SECTEUR
18-24 ans,PALAIS DE JUSTICE,373,6ÈME ARRONDISSEMENT,4EME SECTEUR
25-39 ans,PALAIS DE JUSTICE,1259,6ÈME ARRONDISSEMENT,4EME SECTEUR
40-54 ans,PALAIS DE JUSTICE,906,6ÈME ARRONDISSEMENT,4EME SECTEUR
55-64 ans,PALAIS DE JUSTICE,511,6ÈME ARRONDISSEMENT,4EME SECTEUR
65-79 ans,PALAIS DE JUSTICE,697,6ÈME ARRONDISSEMENT,4EME SECTEUR
80 ans ou plus,PALAIS DE JUSTICE,307,6ÈME ARRONDISSEMENT,4EME SECTEUR
0-2 ans,LA PRÉFECTURE,73,6ÈME ARRONDISSEMENT,4EME SECTEUR
3-5 ans,LA PRÉFECTURE,65,6ÈME ARRONDISSEMENT,4EME SECTEUR
6-10 ans,LA PRÉFECTURE,94,6ÈME ARRONDISSEMENT,4EME SECTEUR
11-17 ans,LA PRÉFECTURE,205,6ÈME ARRONDISSEMENT,4EME SECTEUR
18-24 ans,LA PRÉFECTURE,441,6ÈME ARRONDISSEMENT,4EME SECTEUR
25-39 ans,LA PRÉFECTURE,827,6ÈME ARRONDISSEMENT,4EME SECTEUR
40-54 ans,LA PRÉFECTURE,562,6ÈME ARRONDISSEMENT,4EME SECTEUR
55-64 ans,LA PRÉFECTURE,337,6ÈME ARRONDISSEMENT,4EME SECTEUR
65-79 ans,LA PRÉFECTURE,355,6ÈME ARRONDISSEMENT,4EME SECTEUR
80 ans ou plus,LA PRÉFECTURE,107,6ÈME ARRONDISSEMENT,4EME SECTEUR
0-2 ans,VAUBAN,276,6ÈME ARRONDISSEMENT,4EME SECTEUR
3-5 ans,VAUBAN,247,6ÈME ARRONDISSEMENT,4EME SECTEUR
6-10 ans,VAUBAN,433,6ÈME ARRONDISSEMENT,4EME SECTEUR
11-17 ans,VAUBAN,578,6ÈME ARRONDISSEMENT,4EME SECTEUR
18-24 ans,VAUBAN,898,6ÈME ARRONDISSEMENT,4EME SECTEUR
25-39 ans,VAUBAN,2258,6ÈME ARRONDISSEMENT,4EME SECTEUR
40-54 ans,VAUBAN,1732,6ÈME ARRONDISSEMENT,4EME SECTEUR
55-64 ans,VAUBAN,1060,6ÈME ARRONDISSEMENT,4EME SECTEUR
65-79 ans,VAUBAN,1215,6ÈME ARRONDISSEMENT,4EME SECTEUR
80 ans ou plus,VAUBAN,580,6ÈME ARRONDISSEMENT,4EME SECTEUR
0-2 ans,BOMPARD,118,7ÈME ARRONDISSEMENT,1ER SECTEUR
3-5 ans,BOMPARD,87,7ÈME ARRONDISSEMENT,1ER SECTEUR
6-10 ans,BOMPARD,199,7ÈME ARRONDISSEMENT,1ER SECTEUR
11-17 ans,BOMPARD,293,7ÈME ARRONDISSEMENT,1ER SECTEUR
18-24 ans,BOMPARD,155,7ÈME ARRONDISSEMENT,1ER SECTEUR
25-39 ans,BOMPARD,609,7ÈME ARRONDISSEMENT,1ER SECTEUR
40-54 ans,BOMPARD,942,7ÈME ARRONDISSEMENT,1ER SECTEUR
55-64 ans,BOMPARD,553,7ÈME ARRONDISSEMENT,1ER SECTEUR
65-79 ans,BOMPARD,775,7ÈME ARRONDISSEMENT,1ER SECTEUR
80 ans ou plus,BOMPARD,322,7ÈME ARRONDISSEMENT,1ER SECTEUR
0-2 ans,ENDOUME,143,7ÈME ARRONDISSEMENT,1ER SECTEUR
3-5 ans,ENDOUME,101,7ÈME ARRONDISSEMENT,1ER SECTEUR
6-10 ans,ENDOUME,194,7ÈME ARRONDISSEMENT,1ER SECTEUR
11-17 ans,ENDOUME,268,7ÈME ARRONDISSEMENT,1ER SECTEUR
18-24 ans,ENDOUME,162,7ÈME ARRONDISSEMENT,1ER SECTEUR
25-39 ans,ENDOUME,788,7ÈME ARRONDISSEMENT,1ER SECTEUR
40-54 ans,ENDOUME,927,7ÈME ARRONDISSEMENT,1ER SECTEUR
55-64 ans,ENDOUME,639,7ÈME ARRONDISSEMENT,1ER SECTEUR
65-79 ans,ENDOUME,1095,7ÈME ARRONDISSEMENT,1ER SECTEUR
80 ans ou plus,ENDOUME,444,7ÈME ARRONDISSEMENT,1ER SECTEUR
0-2 ans,LES ÎLES,0,7ÈME ARRONDISSEMENT,1ER SECTEUR
3-5 ans,LES ÎLES,0,7ÈME ARRONDISSEMENT,1ER SECTEUR
6-10 ans,LES ÎLES,0,7ÈME ARRONDISSEMENT,1ER SECTEUR
11-17 ans,LES ÎLES,0,7ÈME ARRONDISSEMENT,1ER SECTEUR
18-24 ans,LES ÎLES,0,7ÈME ARRONDISSEMENT,1ER SECTEUR
25-39 ans,LES ÎLES,7,7ÈME ARRONDISSEMENT,1ER SECTEUR
40-54 ans,LES ÎLES,7,7ÈME ARRONDISSEMENT,1ER SECTEUR
55-64 ans,LES ÎLES,43,7ÈME ARRONDISSEMENT,1ER SECTEUR
65-79 ans,LES ÎLES,164,7ÈME ARRONDISSEMENT,1ER SECTEUR
80 ans ou plus,LES ÎLES,4,7ÈME ARRONDISSEMENT,1ER SECTEUR
0-2 ans,LE PHARO,177,7ÈME ARRONDISSEMENT,1ER SECTEUR
3-5 ans,LE PHARO,211,7ÈME ARRONDISSEMENT,1ER SECTEUR
6-10 ans,LE PHARO,333,7ÈME ARRONDISSEMENT,1ER SECTEUR
11-17 ans,LE PHARO,433,7ÈME ARRONDISSEMENT,1ER SECTEUR
18-24 ans,LE PHARO,396,7ÈME ARRONDISSEMENT,1ER SECTEUR
25-39 ans,LE PHARO,1172,7ÈME ARRONDISSEMENT,1ER SECTEUR
40-54 ans,LE PHARO,1203,7ÈME ARRONDISSEMENT,1ER SECTEUR
55-64 ans,LE PHARO,700,7ÈME ARRONDISSEMENT,1ER SECTEUR
65-79 ans,LE PHARO,1289,7ÈME ARRONDISSEMENT,1ER SECTEUR
80 ans ou plus,LE PHARO,613,7ÈME ARRONDISSEMENT,1ER SECTEUR
0-2 ans,LE ROUCAS BLANC,55,7ÈME ARRONDISSEMENT,1ER SECTEUR
3-5 ans,LE ROUCAS BLANC,75,7ÈME ARRONDISSEMENT,1ER SECTEUR
6-10 ans,LE ROUCAS BLANC,119,7ÈME ARRONDISSEMENT,1ER SECTEUR
11-17 ans,LE ROUCAS BLANC,211,7ÈME ARRONDISSEMENT,1ER SECTEUR
18-24 ans,LE ROUCAS BLANC,140,7ÈME ARRONDISSEMENT,1ER SECTEUR
25-39 ans,LE ROUCAS BLANC,541,7ÈME ARRONDISSEMENT,1ER SECTEUR
40-54 ans,LE ROUCAS BLANC,726,7ÈME ARRONDISSEMENT,1ER SECTEUR
55-64 ans,LE ROUCAS BLANC,550,7ÈME ARRONDISSEMENT,1ER SECTEUR
65-79 ans,LE ROUCAS BLANC,751,7ÈME ARRONDISSEMENT,1ER SECTEUR
80 ans ou plus,LE ROUCAS BLANC,308,7ÈME ARRONDISSEMENT,1ER SECTEUR
0-2 ans,SAINT LAMBERT,273,7ÈME ARRONDISSEMENT,1ER SECTEUR
3-5 ans,SAINT LAMBERT,250,7ÈME ARRONDISSEMENT,1ER SECTEUR
6-10 ans,SAINT LAMBERT,438,7ÈME ARRONDISSEMENT,1ER SECTEUR
11-17 ans,SAINT LAMBERT,522,7ÈME ARRONDISSEMENT,1ER SECTEUR
18-24 ans,SAINT LAMBERT,509,7ÈME ARRONDISSEMENT,1ER SECTEUR
25-39 ans,SAINT LAMBERT,2112,7ÈME ARRONDISSEMENT,1ER SECTEUR
40-54 ans,SAINT LAMBERT,1805,7ÈME ARRONDISSEMENT,1ER SECTEUR
55-64 ans,SAINT LAMBERT,1096,7ÈME ARRONDISSEMENT,1ER SECTEUR
65-79 ans,SAINT LAMBERT,1472,7ÈME ARRONDISSEMENT,1ER SECTEUR
80 ans ou plus,SAINT LAMBERT,684,7ÈME ARRONDISSEMENT,1ER SECTEUR
0-2 ans,SAINT VICTOR,169,7ÈME ARRONDISSEMENT,1ER SECTEUR
3-5 ans,SAINT VICTOR,113,7ÈME ARRONDISSEMENT,1ER SECTEUR
6-10 ans,SAINT VICTOR,215,7ÈME ARRONDISSEMENT,1ER SECTEUR
11-17 ans,SAINT VICTOR,306,7ÈME ARRONDISSEMENT,1ER SECTEUR
18-24 ans,SAINT VICTOR,407,7ÈME ARRONDISSEMENT,1ER SECTEUR
25-39 ans,SAINT VICTOR,1441,7ÈME ARRONDISSEMENT,1ER SECTEUR
40-54 ans,SAINT VICTOR,1365,7ÈME ARRONDISSEMENT,1ER SECTEUR
55-64 ans,SAINT VICTOR,786,7ÈME ARRONDISSEMENT,1ER SECTEUR
65-79 ans,SAINT VICTOR,1321,7ÈME ARRONDISSEMENT,1ER SECTEUR
80 ans ou plus,SAINT VICTOR,524,7ÈME ARRONDISSEMENT,1ER SECTEUR
0-2 ans,BONNEVEINE,152,8EME ARRONDISSEMENT,4EME SECTEUR
3-5 ans,BONNEVEINE,167,8EME ARRONDISSEMENT,4EME SECTEUR
6-10 ans,BONNEVEINE,259,8EME ARRONDISSEMENT,4EME SECTEUR
11-17 ans,BONNEVEINE,366,8EME ARRONDISSEMENT,4EME SECTEUR
18-24 ans,BONNEVEINE,280,8EME ARRONDISSEMENT,4EME SECTEUR
25-39 ans,BONNEVEINE,1055,8EME ARRONDISSEMENT,4EME SECTEUR
40-54 ans,BONNEVEINE,1080,8EME ARRONDISSEMENT,4EME SECTEUR
55-64 ans,BONNEVEINE,678,8EME ARRONDISSEMENT,4EME SECTEUR
65-79 ans,BONNEVEINE,1108,8EME ARRONDISSEMENT,4EME SECTEUR
80 ans ou plus,BONNEVEINE,527,8EME ARRONDISSEMENT,4EME SECTEUR
0-2 ans,LES GOUDES,5,8EME ARRONDISSEMENT,4EME SECTEUR
3-5 ans,LES GOUDES,28,8EME ARRONDISSEMENT,4EME SECTEUR
6-10 ans,LES GOUDES,9,8EME ARRONDISSEMENT,4EME SECTEUR
11-17 ans,LES GOUDES,28,8EME ARRONDISSEMENT,4EME SECTEUR
18-24 ans,LES GOUDES,22,8EME ARRONDISSEMENT,4EME SECTEUR
25-39 ans,LES GOUDES,70,8EME ARRONDISSEMENT,4EME SECTEUR
40-54 ans,LES GOUDES,101,8EME ARRONDISSEMENT,4EME SECTEUR
55-64 ans,LES GOUDES,77,8EME ARRONDISSEMENT,4EME SECTEUR
65-79 ans,LES GOUDES,174,8EME ARRONDISSEMENT,4EME SECTEUR
80 ans ou plus,LES GOUDES,84,8EME ARRONDISSEMENT,4EME SECTEUR
0-2 ans,MONTREDON,100,8EME ARRONDISSEMENT,4EME SECTEUR
3-5 ans,MONTREDON,131,8EME ARRONDISSEMENT,4EME SECTEUR
6-10 ans,MONTREDON,253,8EME ARRONDISSEMENT,4EME SECTEUR
11-17 ans,MONTREDON,424,8EME ARRONDISSEMENT,4EME SECTEUR
18-24 ans,MONTREDON,340,8EME ARRONDISSEMENT,4EME SECTEUR
25-39 ans,MONTREDON,730,8EME ARRONDISSEMENT,4EME SECTEUR
40-54 ans,MONTREDON,1050,8EME ARRONDISSEMENT,4EME SECTEUR
55-64 ans,MONTREDON,882,8EME ARRONDISSEMENT,4EME SECTEUR
65-79 ans,MONTREDON,1180,8EME ARRONDISSEMENT,4EME SECTEUR
80 ans ou plus,MONTREDON,344,8EME ARRONDISSEMENT,4EME SECTEUR
0-2 ans,PERIER,366,8EME ARRONDISSEMENT,4EME SECTEUR
3-5 ans,PERIER,427,8EME ARRONDISSEMENT,4EME SECTEUR
6-10 ans,PERIER,677,8EME ARRONDISSEMENT,4EME SECTEUR
11-17 ans,PERIER,1233,8EME ARRONDISSEMENT,4EME SECTEUR
18-24 ans,PERIER,975,8EME ARRONDISSEMENT,4EME SECTEUR
25-39 ans,PERIER,2164,8EME ARRONDISSEMENT,4EME SECTEUR
40-54 ans,PERIER,2592,8EME ARRONDISSEMENT,4EME SECTEUR
55-64 ans,PERIER,1597,8EME ARRONDISSEMENT,4EME SECTEUR
65-79 ans,PERIER,2145,8EME ARRONDISSEMENT,4EME SECTEUR
80 ans ou plus,PERIER,1213,8EME ARRONDISSEMENT,4EME SECTEUR
0-2 ans,LA PLAGE,39,8EME ARRONDISSEMENT,4EME SECTEUR
3-5 ans,LA PLAGE,47,8EME ARRONDISSEMENT,4EME SECTEUR
6-10 ans,LA PLAGE,68,8EME ARRONDISSEMENT,4EME SECTEUR
11-17 ans,LA PLAGE,100,8EME ARRONDISSEMENT,4EME SECTEUR
18-24 ans,LA PLAGE,186,8EME ARRONDISSEMENT,4EME SECTEUR
25-39 ans,LA PLAGE,352,8EME ARRONDISSEMENT,4EME SECTEUR
40-54 ans,LA PLAGE,581,8EME ARRONDISSEMENT,4EME SECTEUR
55-64 ans,LA PLAGE,462,8EME ARRONDISSEMENT,4EME SECTEUR
65-79 ans,LA PLAGE,554,8EME ARRONDISSEMENT,4EME SECTEUR
80 ans ou plus,LA PLAGE,274,8EME ARRONDISSEMENT,4EME SECTEUR
0-2 ans,LA POINTE ROUGE,231,8EME ARRONDISSEMENT,4EME SECTEUR
3-5 ans,LA POINTE ROUGE,238,8EME ARRONDISSEMENT,4EME SECTEUR
6-10 ans,LA POINTE ROUGE,447,8EME ARRONDISSEMENT,4EME SECTEUR
11-17 ans,LA POINTE ROUGE,709,8EME ARRONDISSEMENT,4EME SECTEUR
18-24 ans,LA POINTE ROUGE,531,8EME ARRONDISSEMENT,4EME SECTEUR
25-39 ans,LA POINTE ROUGE,1101,8EME ARRONDISSEMENT,4EME SECTEUR
40-54 ans,LA POINTE ROUGE,1680,8EME ARRONDISSEMENT,4EME SECTEUR
55-64 ans,LA POINTE ROUGE,1108,8EME ARRONDISSEMENT,4EME SECTEUR
65-79 ans,LA POINTE ROUGE,1821,8EME ARRONDISSEMENT,4EME SECTEUR
80 ans ou plus,LA POINTE ROUGE,848,8EME ARRONDISSEMENT,4EME SECTEUR
0-2 ans,LE ROUET,487,8EME ARRONDISSEMENT,4EME SECTEUR
3-5 ans,LE ROUET,448,8EME ARRONDISSEMENT,4EME SECTEUR
6-10 ans,LE ROUET,680,8EME ARRONDISSEMENT,4EME SECTEUR
11-17 ans,LE ROUET,794,8EME ARRONDISSEMENT,4EME SECTEUR
18-24 ans,LE ROUET,1243,8EME ARRONDISSEMENT,4EME SECTEUR
25-39 ans,LE ROUET,3103,8EME ARRONDISSEMENT,4EME SECTEUR
40-54 ans,LE ROUET,2498,8EME ARRONDISSEMENT,4EME SECTEUR
55-64 ans,LE ROUET,1470,8EME ARRONDISSEMENT,4EME SECTEUR
65-79 ans,LE ROUET,2057,8EME ARRONDISSEMENT,4EME SECTEUR
80 ans ou plus,LE ROUET,917,8EME ARRONDISSEMENT,4EME SECTEUR
0-2 ans,SAINT GINIEZ,460,8EME ARRONDISSEMENT,4EME SECTEUR
3-5 ans,SAINT GINIEZ,522,8EME ARRONDISSEMENT,4EME SECTEUR
6-10 ans,SAINT GINIEZ,832,8EME ARRONDISSEMENT,4EME SECTEUR
11-17 ans,SAINT GINIEZ,1035,8EME ARRONDISSEMENT,4EME SECTEUR
18-24 ans,SAINT GINIEZ,1170,8EME ARRONDISSEMENT,4EME SECTEUR
25-39 ans,SAINT GINIEZ,2525,8EME ARRONDISSEMENT,4EME SECTEUR
40-54 ans,SAINT GINIEZ,2771,8EME ARRONDISSEMENT,4EME SECTEUR
55-64 ans,SAINT GINIEZ,1711,8EME ARRONDISSEMENT,4EME SECTEUR
65-79 ans,SAINT GINIEZ,2725,8EME ARRONDISSEMENT,4EME SECTEUR
80 ans ou plus,SAINT GINIEZ,1529,8EME ARRONDISSEMENT,4EME SECTEUR
0-2 ans,SAINTE ANNE,258,8EME ARRONDISSEMENT,4EME SECTEUR
3-5 ans,SAINTE ANNE,235,8EME ARRONDISSEMENT,4EME SECTEUR
6-10 ans,SAINTE ANNE,522,8EME ARRONDISSEMENT,4EME SECTEUR
11-17 ans,SAINTE ANNE,605,8EME ARRONDISSEMENT,4EME SECTEUR
18-24 ans,SAINTE ANNE,548,8EME ARRONDISSEMENT,4EME SECTEUR
25-39 ans,SAINTE ANNE,1707,8EME ARRONDISSEMENT,4EME SECTEUR
40-54 ans,SAINTE ANNE,1820,8EME ARRONDISSEMENT,4EME SECTEUR
55-64 ans,SAINTE ANNE,1253,8EME ARRONDISSEMENT,4EME SECTEUR
65-79 ans,SAINTE ANNE,1959,8EME ARRONDISSEMENT,4EME SECTEUR
80 ans ou plus,SAINTE ANNE,1095,8EME ARRONDISSEMENT,4EME SECTEUR
0-2 ans,LA VIEILLE CHAPELLE,181,8EME ARRONDISSEMENT,4EME SECTEUR
3-5 ans,LA VIEILLE CHAPELLE,211,8EME ARRONDISSEMENT,4EME SECTEUR
6-10 ans,LA VIEILLE CHAPELLE,435,8EME ARRONDISSEMENT,4EME SECTEUR
11-17 ans,LA VIEILLE CHAPELLE,642,8EME ARRONDISSEMENT,4EME SECTEUR
18-24 ans,LA VIEILLE CHAPELLE,470,8EME ARRONDISSEMENT,4EME SECTEUR
25-39 ans,LA VIEILLE CHAPELLE,1275,8EME ARRONDISSEMENT,4EME SECTEUR
40-54 ans,LA VIEILLE CHAPELLE,1594,8EME ARRONDISSEMENT,4EME SECTEUR
55-64 ans,LA VIEILLE CHAPELLE,1018,8EME ARRONDISSEMENT,4EME SECTEUR
65-79 ans,LA VIEILLE CHAPELLE,1488,8EME ARRONDISSEMENT,4EME SECTEUR
80 ans ou plus,LA VIEILLE CHAPELLE,893,8EME ARRONDISSEMENT,4EME SECTEUR
0-2 ans,LES BAUMETTES,173,9ÈME ARRONDISSEMENT,5EME SECTEUR
3-5 ans,LES BAUMETTES,145,9ÈME ARRONDISSEMENT,5EME SECTEUR
6-10 ans,LES BAUMETTES,329,9ÈME ARRONDISSEMENT,5EME SECTEUR
11-17 ans,LES BAUMETTES,440,9ÈME ARRONDISSEMENT,5EME SECTEUR
18-24 ans,LES BAUMETTES,593,9ÈME ARRONDISSEMENT,5EME SECTEUR
25-39 ans,LES BAUMETTES,1458,9ÈME ARRONDISSEMENT,5EME SECTEUR
40-54 ans,LES BAUMETTES,1451,9ÈME ARRONDISSEMENT,5EME SECTEUR
55-64 ans,LES BAUMETTES,833,9ÈME ARRONDISSEMENT,5EME SECTEUR
65-79 ans,LES BAUMETTES,871,9ÈME ARRONDISSEMENT,5EME SECTEUR
80 ans ou plus,LES BAUMETTES,343,9ÈME ARRONDISSEMENT,5EME SECTEUR
0-2 ans,LE CABOT,302,9ÈME ARRONDISSEMENT,5EME SECTEUR
3-5 ans,LE CABOT,321,9ÈME ARRONDISSEMENT,5EME SECTEUR
6-10 ans,LE CABOT,529,9ÈME ARRONDISSEMENT,5EME SECTEUR
11-17 ans,LE CABOT,826,9ÈME ARRONDISSEMENT,5EME SECTEUR
18-24 ans,LE CABOT,678,9ÈME ARRONDISSEMENT,5EME SECTEUR
25-39 ans,LE CABOT,1695,9ÈME ARRONDISSEMENT,5EME SECTEUR
40-54 ans,LE CABOT,2059,9ÈME ARRONDISSEMENT,5EME SECTEUR
55-64 ans,LE CABOT,1325,9ÈME ARRONDISSEMENT,5EME SECTEUR
65-79 ans,LE CABOT,2339,9ÈME ARRONDISSEMENT,5EME SECTEUR
80 ans ou plus,LE CABOT,1312,9ÈME ARRONDISSEMENT,5EME SECTEUR
0-2 ans,CARPIAGNE,0,9ÈME ARRONDISSEMENT,5EME SECTEUR
3-5 ans,CARPIAGNE,0,9ÈME ARRONDISSEMENT,5EME SECTEUR
6-10 ans,CARPIAGNE,0,9ÈME ARRONDISSEMENT,5EME SECTEUR
11-17 ans,CARPIAGNE,0,9ÈME ARRONDISSEMENT,5EME SECTEUR
18-24 ans,CARPIAGNE,88,9ÈME ARRONDISSEMENT,5EME SECTEUR
25-39 ans,CARPIAGNE,353,9ÈME ARRONDISSEMENT,5EME SECTEUR
40-54 ans,CARPIAGNE,74,9ÈME ARRONDISSEMENT,5EME SECTEUR
55-64 ans,CARPIAGNE,9,9ÈME ARRONDISSEMENT,5EME SECTEUR
65-79 ans,CARPIAGNE,0,9ÈME ARRONDISSEMENT,5EME SECTEUR
80 ans ou plus,CARPIAGNE,0,9ÈME ARRONDISSEMENT,5EME SECTEUR
0-2 ans,MAZARGUES,452,9ÈME ARRONDISSEMENT,5EME SECTEUR
3-5 ans,MAZARGUES,348,9ÈME ARRONDISSEMENT,5EME SECTEUR
6-10 ans,MAZARGUES,890,9ÈME ARRONDISSEMENT,5EME SECTEUR
11-17 ans,MAZARGUES,1304,9ÈME ARRONDISSEMENT,5EME SECTEUR
18-24 ans,MAZARGUES,1392,9ÈME ARRONDISSEMENT,5EME SECTEUR
25-39 ans,MAZARGUES,2737,9ÈME ARRONDISSEMENT,5EME SECTEUR
40-54 ans,MAZARGUES,3406,9ÈME ARRONDISSEMENT,5EME SECTEUR
55-64 ans,MAZARGUES,2446,9ÈME ARRONDISSEMENT,5EME SECTEUR
65-79 ans,MAZARGUES,3200,9ÈME ARRONDISSEMENT,5EME SECTEUR
80 ans ou plus,MAZARGUES,1434,9ÈME ARRONDISSEMENT,5EME SECTEUR
0-2 ans,LA PANOUSE,103,9ÈME ARRONDISSEMENT,5EME SECTEUR
3-5 ans,LA PANOUSE,134,9ÈME ARRONDISSEMENT,5EME SECTEUR
6-10 ans,LA PANOUSE,362,9ÈME ARRONDISSEMENT,5EME SECTEUR
11-17 ans,LA PANOUSE,428,9ÈME ARRONDISSEMENT,5EME SECTEUR
18-24 ans,LA PANOUSE,420,9ÈME ARRONDISSEMENT,5EME SECTEUR
25-39 ans,LA PANOUSE,784,9ÈME ARRONDISSEMENT,5EME SECTEUR
40-54 ans,LA PANOUSE,1101,9ÈME ARRONDISSEMENT,5EME SECTEUR
55-64 ans,LA PANOUSE,774,9ÈME ARRONDISSEMENT,5EME SECTEUR
65-79 ans,LA PANOUSE,1004,9ÈME ARRONDISSEMENT,5EME SECTEUR
80 ans ou plus,LA PANOUSE,517,9ÈME ARRONDISSEMENT,5EME SECTEUR
0-2 ans,LE REDON,70,9ÈME ARRONDISSEMENT,5EME SECTEUR
3-5 ans,LE REDON,129,9ÈME ARRONDISSEMENT,5EME SECTEUR
6-10 ans,LE REDON,205,9ÈME ARRONDISSEMENT,5EME SECTEUR
11-17 ans,LE REDON,312,9ÈME ARRONDISSEMENT,5EME SECTEUR
18-24 ans,LE REDON,2186,9ÈME ARRONDISSEMENT,5EME SECTEUR
25-39 ans,LE REDON,852,9ÈME ARRONDISSEMENT,5EME SECTEUR
40-54 ans,LE REDON,764,9ÈME ARRONDISSEMENT,5EME SECTEUR
55-64 ans,LE REDON,495,9ÈME ARRONDISSEMENT,5EME SECTEUR
65-79 ans,LE REDON,597,9ÈME ARRONDISSEMENT,5EME SECTEUR
80 ans ou plus,LE REDON,157,9ÈME ARRONDISSEMENT,5EME SECTEUR
0-2 ans,SORMIOU,216,9ÈME ARRONDISSEMENT,5EME SECTEUR
3-5 ans,SORMIOU,251,9ÈME ARRONDISSEMENT,5EME SECTEUR
6-10 ans,SORMIOU,376,9ÈME ARRONDISSEMENT,5EME SECTEUR
11-17 ans,SORMIOU,576,9ÈME ARRONDISSEMENT,5EME SECTEUR
18-24 ans,SORMIOU,558,9ÈME ARRONDISSEMENT,5EME SECTEUR
25-39 ans,SORMIOU,1764,9ÈME ARRONDISSEMENT,5EME SECTEUR
40-54 ans,SORMIOU,1366,9ÈME ARRONDISSEMENT,5EME SECTEUR
55-64 ans,SORMIOU,1090,9ÈME ARRONDISSEMENT,5EME SECTEUR
65-79 ans,SORMIOU,1228,9ÈME ARRONDISSEMENT,5EME SECTEUR
80 ans ou plus,SORMIOU,647,9ÈME ARRONDISSEMENT,5EME SECTEUR
0-2 ans,STE MARGUERITE,681,9ÈME ARRONDISSEMENT,5EME SECTEUR
3-5 ans,STE MARGUERITE,754,9ÈME ARRONDISSEMENT,5EME SECTEUR
6-10 ans,STE MARGUERITE,1346,9ÈME ARRONDISSEMENT,5EME SECTEUR
11-17 ans,STE MARGUERITE,1888,9ÈME ARRONDISSEMENT,5EME SECTEUR
18-24 ans,STE MARGUERITE,1919,9ÈME ARRONDISSEMENT,5EME SECTEUR
25-39 ans,STE MARGUERITE,4103,9ÈME ARRONDISSEMENT,5EME SECTEUR
40-54 ans,STE MARGUERITE,3788,9ÈME ARRONDISSEMENT,5EME SECTEUR
55-64 ans,STE MARGUERITE,2220,9ÈME ARRONDISSEMENT,5EME SECTEUR
65-79 ans,STE MARGUERITE,2782,9ÈME ARRONDISSEMENT,5EME SECTEUR
80 ans ou plus,STE MARGUERITE,1498,9ÈME ARRONDISSEMENT,5EME SECTEUR
0-2 ans,VAUFRÈGES,7,9ÈME ARRONDISSEMENT,5EME SECTEUR
3-5 ans,VAUFRÈGES,5,9ÈME ARRONDISSEMENT,5EME SECTEUR
6-10 ans,VAUFRÈGES,19,9ÈME ARRONDISSEMENT,5EME SECTEUR
11-17 ans,VAUFRÈGES,67,9ÈME ARRONDISSEMENT,5EME SECTEUR
18-24 ans,VAUFRÈGES,87,9ÈME ARRONDISSEMENT,5EME SECTEUR
25-39 ans,VAUFRÈGES,73,9ÈME ARRONDISSEMENT,5EME SECTEUR
40-54 ans,VAUFRÈGES,118,9ÈME ARRONDISSEMENT,5EME SECTEUR
55-64 ans,VAUFRÈGES,92,9ÈME ARRONDISSEMENT,5EME SECTEUR
65-79 ans,VAUFRÈGES,133,9ÈME ARRONDISSEMENT,5EME SECTEUR
80 ans ou plus,VAUFRÈGES,32,9ÈME ARRONDISSEMENT,5EME SECTEUR
